,RFID,Date,Weight,stationname
1,942 000021902855,19-04-18,534,Killara
2,942 000024589935,26-04-18,524,Killara
3,942 000024602747,22-05-18,278,Killara
4,942 000024603376,19-04-18,491,Killara
5,942 000026395162,04-05-18,209,Killara
6,942 000026395172,16-05-18,326,Killara
7,942 000026395181,16-05-18,226,Killara
8,942 000026395199,16-05-18,176,Killara
9,942 000026395201,16-05-18,276,Killara
10,942 000026395247,16-05-18,267,Killara
11,942 000026395256,16-05-18,266,Killara
12,942 000026395261,16-05-18,221,Killara
13,942 000026395285,16-05-18,238,Killara
14,942 000026395304,16-05-18,251,Killara
15,942 000026395316,16-05-18,251,Killara
16,942 000026395332,16-05-18,232,Killara
17,942 000026395395,16-05-18,274,Killara
18,942 000026395461,16-05-18,250,Killara
19,942 000026395487,04-05-18,251,Killara
20,942 000026395532,16-05-18,240,Killara
21,942 000026395568,16-05-18,249,Killara
22,942 000026395570,16-05-18,241,Killara
23,942 000026395581,16-05-18,227,Killara
24,942 000026395585,16-05-18,206,Killara
25,942 000026395592,16-05-18,268,Killara
26,942 000026395684,16-05-18,257,Killara
27,942 000026395746,16-05-18,257,Killara
28,942 000026395798,16-05-18,232,Killara
29,942 000026395880,16-05-18,257,Killara
30,942 000026395916,16-05-18,229,Killara
31,942 000026396065,16-05-18,308,Killara
32,942 000026396110,16-05-18,235,Killara
33,942 000026396195,16-05-18,227,Killara
34,942 000026396358,16-05-18,251,Killara
35,942 000026396366,16-05-18,234,Killara
36,942 000026396519,04-05-18,166,Killara
37,942 000026396870,16-05-18,233,Killara
38,942 000026396890,16-05-18,283,Killara
39,942 000026422365,16-05-18,169,Killara
40,942 000026422921,19-04-18,534,Killara
41,942 000026423236,16-05-18,327,Killara
42,942 000026423970,16-05-18,252,Killara
43,942 000026424084,16-05-18,163,Killara
44,942 000026424155,04-05-18,157,Killara
45,942 000026424187,16-05-18,179,Killara
46,942 000026424192,16-05-18,169,Killara
47,942 000026730617,04-05-18,175,Killara
48,942 000026785230,04-05-18,224,Killara
49,942 000026785239,04-05-18,160,Killara
50,942 000026785241,04-05-18,151,Killara
51,942 000026785246,18-03-19,120.5,Killara
52,942 000026785263,04-05-18,174,Killara
53,942 000026785266,04-05-18,171,Killara
54,942 000026785267,04-05-18,174,Killara
55,942 000026785285,04-05-18,212,Killara
56,942 000026785295,04-05-18,180,Killara
57,942 000026785298,04-05-18,223,Killara
58,942 000026785326,04-05-18,237,Killara
59,942 000026785351,04-05-18,183,Killara
60,942 000026785352,04-05-18,151,Killara
61,942 000026785373,04-05-18,193,Killara
62,942 000026785376,04-05-18,205,Killara
63,942 000026785377,04-05-18,190,Killara
64,942 000026785381,04-05-18,157,Killara
65,942 000026785386,04-05-18,180,Killara
66,942 000026785389,04-05-18,150,Killara
67,942 000026785394,22-05-18,278,Killara
68,942 000026785403,04-05-18,193,Killara
69,942 000026785404,04-05-18,185,Killara
70,942 000026785408,04-05-18,187,Killara
71,942 000026785423,04-05-18,165,Killara
72,942 000026785450,18-03-19,113,Killara
73,942 000026785459,04-05-18,151,Killara
74,942 000026785470,04-05-18,177,Killara
75,942 000026785479,04-05-18,198,Killara
76,942 000026785482,04-05-18,197,Killara
77,942 000026785483,04-05-18,207,Killara
78,942 000026785498,04-05-18,150,Killara
79,942 000026785513,04-05-18,147,Killara
80,942 000026785518,04-05-18,188,Killara
81,942 000026785520,04-05-18,200,Killara
82,942 000026785528,04-05-18,192,Killara
83,942 000026785528,13-02-19,325,Killara
84,942 000026785533,04-05-18,110,Killara
85,942 000026785546,11-04-19,189.5,Killara
86,942 000026785558,04-05-18,172,Killara
87,942 000026785575,04-05-18,191,Killara
88,942 000026785580,04-05-18,213,Killara
89,942 000026785631,04-05-18,187,Killara
90,942 000026785633,04-05-18,156,Killara
91,942 000026785637,04-05-18,160,Killara
92,942 000026785662,04-05-18,196,Killara
93,942 000026785687,04-05-18,145,Killara
94,942 000026785691,04-05-18,173,Killara
95,942 000026785704,04-05-18,168,Killara
96,942 000026785706,04-05-18,233,Killara
97,942 000026785710,04-05-18,141,Killara
98,942 000026785717,04-05-18,189,Killara
99,942 000026785722,04-05-18,214,Killara
100,942 000026785727,04-05-18,159,Killara
101,942 000026785742,04-05-18,207,Killara
102,942 000026785761,04-05-18,115,Killara
103,942 000026785768,04-05-18,155,Killara
104,942 000026785773,04-05-18,182,Killara
105,942 000026785777,04-05-18,133,Killara
106,942 000026785796,04-05-18,155,Killara
107,942 000026785796,13-02-19,313,Killara
108,942 000026785797,04-05-18,158,Killara
109,942 000026785805,04-05-18,178,Killara
110,942 000026785807,04-05-18,230,Killara
111,942 000026785810,04-05-18,195,Killara
112,942 000026785816,18-03-19,97,Killara
113,942 000026785817,04-05-18,194,Killara
114,942 000026785833,04-05-18,141,Killara
115,942 000026785852,18-03-19,170.5,Killara
116,942 000026785869,04-05-18,188,Killara
117,942 000026785871,18-03-19,76,Killara
118,942 000026785877,04-05-18,147,Killara
119,942 000026785878,04-05-18,183,Killara
120,942 000026785881,04-05-18,122,Killara
121,942 000026785906,04-05-18,191,Killara
122,942 000026785919,04-05-18,221,Killara
123,942 000026785944,18-03-19,136,Killara
124,942 000026785955,04-05-18,178,Killara
125,942 000026785962,18-03-19,120.5,Killara
126,942 000026785964,04-05-18,219,Killara
127,942 000026785983,04-05-18,221,Killara
128,942 000026785989,04-05-18,149,Killara
129,942 000026785999,04-05-18,167,Killara
130,942 000026786003,04-05-18,181,Killara
131,942 000026786015,04-05-18,163,Killara
132,942 000026786017,04-05-18,210,Killara
133,942 000026786020,04-05-18,148,Killara
134,942 000026786032,04-05-18,149,Killara
135,942 000026786064,04-05-18,201,Killara
136,942 000026786068,04-05-18,152,Killara
137,942 000026786074,04-05-18,196,Killara
138,942 000026786091,04-05-18,142,Killara
139,942 000026786097,04-05-18,172,Killara
140,942 000026786128,04-05-18,124,Killara
141,942 000026786141,04-05-18,161,Killara
142,942 000026786153,11-04-19,172,Killara
143,942 000026786162,04-05-18,182,Killara
144,942 000026786168,18-03-19,130.5,Killara
145,942 000026786171,04-05-18,169,Killara
146,942 000026786197,04-05-18,214,Killara
147,942 000026786201,04-05-18,135,Killara
148,942 000026786208,04-05-18,224,Killara
149,942 000026786221,25-03-19,181,Killara
150,942 000026786227,04-05-18,174,Killara
151,942 000026786265,04-05-18,230,Killara
152,942 000026786290,11-04-19,120,Killara
153,942 000026786310,04-05-18,174,Killara
154,942 000026786325,04-05-18,176,Killara
155,942 000026786327,18-03-19,146,Killara
156,942 000026786337,04-05-18,172,Killara
157,942 000026786342,04-05-18,221,Killara
158,942 000026786346,04-05-18,165,Killara
159,942 000026786354,18-03-19,132.5,Killara
160,942 000026786363,04-05-18,168,Killara
161,942 000026786367,04-05-18,132,Killara
162,942 000026786397,04-05-18,207,Killara
163,942 000026786403,04-05-18,120,Killara
164,942 000026786413,04-05-18,161,Killara
165,942 000026786421,04-05-18,188,Killara
166,942 000026786441,18-03-19,90,Killara
167,942 000026786451,04-05-18,181,Killara
168,942 000026786464,18-03-19,112.5,Killara
169,942 000026786479,04-05-18,135,Killara
170,942 000026786480,11-04-19,145,Killara
171,942 000026786486,04-05-18,209,Killara
172,942 000026786492,04-05-18,162,Killara
173,942 000026786494,04-05-18,158,Killara
174,942 000026786495,04-05-18,142,Killara
175,942 000026786504,04-05-18,201,Killara
176,942 000026786516,04-05-18,146,Killara
177,942 000026786519,04-05-18,203,Killara
178,942 000026786545,04-05-18,181,Killara
179,942 000026786548,04-05-18,179,Killara
180,942 000026786558,04-05-18,183,Killara
181,942 000026786585,04-05-18,152,Killara
182,942 000026786591,04-05-18,146,Killara
183,942 000026786609,04-05-18,161,Killara
184,942 000026786623,04-05-18,183,Killara
185,942 000026786628,04-05-18,176,Killara
186,942 000026786638,04-05-18,204,Killara
187,942 000026786639,04-05-18,230,Killara
188,942 000026786645,11-04-19,130,Killara
189,942 000026786661,04-05-18,232,Killara
190,942 000026786666,04-05-18,80,Killara
191,942 000026786682,04-05-18,189,Killara
192,942 000026786689,04-05-18,165,Killara
193,942 000026786695,04-05-18,176,Killara
194,942 000026786703,04-05-18,195,Killara
195,942 000026786704,18-03-19,94.5,Killara
196,942 000026786709,11-04-19,142.5,Killara
197,942 000026786712,04-05-18,173,Killara
198,942 000026786713,04-05-18,220,Killara
199,942 000026786715,04-05-18,175,Killara
200,942 000026786724,04-05-18,148,Killara
201,942 000026786725,04-05-18,153,Killara
202,942 000026786729,04-05-18,185,Killara
203,942 000026786764,04-05-18,161,Killara
204,942 000026786791,04-05-18,146,Killara
205,942 000026786816,04-05-18,142,Killara
206,942 000026786845,04-05-18,183,Killara
207,942 000026786854,04-05-18,221,Killara
208,942 000026786855,04-05-18,195,Killara
209,942 000026786859,04-05-18,168,Killara
210,942 000026786861,04-05-18,199,Killara
211,942 000026786876,18-03-19,84,Killara
212,942 000026786880,04-05-18,128,Killara
213,942 000026786890,04-05-18,185,Killara
214,942 000026786893,04-05-18,171,Killara
215,942 000026786895,04-05-18,168,Killara
216,942 000026786898,04-05-18,134,Killara
217,942 000026786914,04-05-18,217,Killara
218,942 000026786930,04-05-18,199,Killara
219,942 000026786939,04-05-18,172,Killara
220,942 000026786941,04-05-18,172,Killara
221,942 000026786946,04-05-18,128,Killara
222,942 000026786947,04-05-18,162,Killara
223,942 000026786972,04-05-18,164,Killara
224,942 000026786991,04-05-18,196,Killara
225,942 000026786992,11-04-19,137.5,Killara
226,942 000026786997,04-05-18,166,Killara
227,942 000026786998,04-05-18,187,Killara
228,942 000026787003,25-03-19,95,Killara
229,942 000026787006,11-04-19,148.5,Killara
230,942 000026787011,04-05-18,206,Killara
231,942 000026787023,04-05-18,189,Killara
232,942 000026787025,04-05-18,197,Killara
233,942 000026787040,04-05-18,212,Killara
234,942 000026787048,11-04-19,144.5,Killara
235,942 000026787056,04-05-18,207,Killara
236,942 000026787063,04-05-18,174,Killara
237,942 000026787064,04-05-18,178,Killara
238,942 000026787080,04-05-18,215,Killara
239,942 000026787084,04-05-18,190,Killara
240,942 000026787119,04-05-18,173,Killara
241,942 000026787122,04-05-18,116,Killara
242,942 000026787125,04-05-18,191,Killara
243,942 000026787133,04-05-18,220,Killara
244,942 000026787138,18-03-19,98.5,Killara
245,942 000026787147,04-05-18,137,Killara
246,942 000026787149,04-05-18,148,Killara
247,942 000026787163,11-04-19,121.5,Killara
248,942 000026787176,04-05-18,192,Killara
249,942 000026787176,30-05-19,447,Killara
250,942 000026787177,25-03-19,93,Killara
251,942 000026787179,04-05-18,183,Killara
252,942 000026787192,04-05-18,122,Killara
253,942 000026787194,04-05-18,205,Killara
254,942 000026787203,04-05-18,126,Killara
255,942 000026787207,04-05-18,148,Killara
256,942 000026787210,04-05-18,121,Killara
257,942 000026787218,04-05-18,180,Killara
258,942 000027215382,04-05-18,155,Killara
259,942 000027215683,04-05-18,184,Killara
260,942 000027215853,04-05-18,177,Killara
261,942 000027215929,04-05-18,185,Killara
262,942 000027215957,04-05-18,165,Killara
263,942 000027215999,04-05-18,152,Killara
264,942 000027216175,04-05-18,184,Killara
265,942 000027216179,04-05-18,201,Killara
266,942 000027216325,04-05-18,209,Killara
267,942 000027216343,04-05-18,207,Killara
268,942 000027216443,04-05-18,157,Killara
269,942 000027216645,04-05-18,235,Killara
270,942 000027216817,04-05-18,197,Killara
271,942 000027221804,25-03-19,148.5,Killara
272,942 000027222059,04-05-18,164,Killara
273,942 000027222283,04-05-18,146,Killara
274,942 000027222310,04-05-18,216,Killara
275,942 000027222323,04-05-18,168,Killara
276,942 000027222330,04-05-18,165,Killara
277,942 000027222372,04-05-18,163,Killara
278,942 000027222381,18-03-19,127,Killara
279,942 000027222410,04-05-18,149,Killara
280,942 000027222468,18-03-19,150.5,Killara
281,942 000027222508,04-05-18,228,Killara
282,942 000027222511,04-05-18,163,Killara
283,942 000027222584,04-05-18,173,Killara
284,942 000027222587,04-05-18,161,Killara
285,942 000027222614,04-05-18,184,Killara
286,942 000027222698,04-05-18,133,Killara
287,942 000027222727,04-05-18,143,Killara
288,942 000027222748,04-05-18,157,Killara
289,942 000027222761,04-05-18,181,Killara
290,942 000027222778,04-05-18,133,Killara
291,942 000027222800,04-05-18,220,Killara
292,942 000027222813,04-05-18,219,Killara
293,942 000027222837,18-03-19,103,Killara
294,942 000027222910,04-05-18,177,Killara
295,942 000027222917,18-03-19,165,Killara
296,942 000027222934,04-05-18,177,Killara
297,942 000027222971,04-05-18,192,Killara
298,942 000027222998,04-05-18,143,Killara
299,942 000027223023,04-05-18,179,Killara
300,942 000027223088,04-05-18,174,Killara
301,942 000027223115,18-03-19,106,Killara
302,942 000027223125,04-05-18,182,Killara
303,942 000027223148,04-05-18,196,Killara
304,942 000027223231,11-04-19,153.5,Killara
305,942 000027223295,04-05-18,216,Killara
306,942 000027223343,04-05-18,175,Killara
307,942 000027223375,04-05-18,142,Killara
308,942 000027223510,04-05-18,207,Killara
309,942 000027223606,04-05-18,152,Killara
310,942 000027231844,04-05-18,178,Killara
311,942 000027231847,04-05-18,163,Killara
312,942 000027231888,18-03-19,105,Killara
313,942 000027231950,04-05-18,169,Killara
314,942 000027231959,04-05-18,209,Killara
315,942 000027232006,04-05-18,137,Killara
316,942 000027232058,04-05-18,156,Killara
317,942 000027232067,04-05-18,193,Killara
318,942 000027232097,04-05-18,170,Killara
319,942 000027232105,04-05-18,233,Killara
320,942 000027232134,04-05-18,169,Killara
321,942 000027232292,04-05-18,150,Killara
322,942 000027232344,04-05-18,164,Killara
323,942 000027232365,04-05-18,231,Killara
324,942 000027232430,04-05-18,164,Killara
325,942 000027232460,04-05-18,203,Killara
326,942 000027232484,04-05-18,129,Killara
327,942 000027232491,04-05-18,179,Killara
328,942 000027232497,04-05-18,149,Killara
329,942 000027232544,04-05-18,193,Killara
330,942 000027232572,04-05-18,136,Killara
331,942 000027232648,04-05-18,187,Killara
332,942 000027232688,11-04-19,121,Killara
333,942 000027232727,18-03-19,147,Killara
334,942 000027232738,04-05-18,200,Killara
335,942 000027232782,04-05-18,151,Killara
336,942 000027232787,04-05-18,149,Killara
337,942 000027232800,04-05-18,188,Killara
338,942 000027232810,11-04-19,147.5,Killara
339,942 000027232849,04-05-18,184,Killara
340,942 000027232860,25-03-19,206,Killara
341,942 000027232868,04-05-18,143,Killara
342,942 000027232876,04-05-18,191,Killara
343,942 000027232878,04-05-18,160,Killara
344,942 000027232899,04-05-18,80,Killara
345,942 000027232921,04-05-18,195,Killara
346,942 000027232929,04-05-18,146,Killara
347,942 000027232953,19-04-18,554,Killara
348,942 000027232989,04-05-18,216,Killara
349,942 000027232994,11-04-19,134.5,Killara
350,942 000027232998,18-03-19,146,Killara
351,942 000027233030,04-05-18,199,Killara
352,942 000027233055,04-05-18,170,Killara
353,942 000027233081,04-05-18,150,Killara
354,942 000027233091,04-05-18,163,Killara
355,942 000027233161,04-05-18,170,Killara
356,942 000027233169,04-05-18,189,Killara
357,942 000027233172,11-04-19,97.5,Killara
358,942 000027233176,18-03-19,120.5,Killara
359,942 000027233186,04-05-18,162,Killara
360,942 000027233212,04-05-18,189,Killara
361,942 000027233222,04-05-18,207,Killara
362,942 000027233249,04-05-18,202,Killara
363,942 000027233262,04-05-18,193,Killara
364,942 000027233278,22-05-18,278,Killara
365,942 000027233309,04-05-18,198,Killara
366,942 000027233329,04-05-18,163,Killara
367,942 000027233364,04-05-18,184,Killara
368,942 000027233365,04-05-18,160,Killara
369,942 000027233379,04-05-18,195,Killara
370,942 000027233397,04-05-18,206,Killara
371,942 000027233401,04-05-18,183,Killara
372,942 000027233404,04-05-18,82,Killara
373,942 000027233408,04-05-18,190,Killara
374,942 000027233444,04-05-18,194,Killara
375,942 000027233485,04-05-18,153,Killara
376,942 000027233491,04-05-18,196,Killara
377,942 000027233532,04-05-18,198,Killara
378,942 000027233556,04-05-18,167,Killara
379,942 000027233558,04-05-18,174,Killara
380,942 000027233584,04-05-18,154,Killara
381,942 000027233587,04-05-18,193,Killara
382,942 000027233597,04-05-18,152,Killara
383,942 000027233615,04-05-18,143,Killara
384,942 000027233641,04-05-18,190,Killara
385,942 000027233652,04-05-18,150,Killara
386,942 000027233721,11-04-19,165,Killara
387,942 000027254576,04-05-18,147,Killara
388,942 000027254580,04-05-18,190,Killara
389,942 000027254603,04-05-18,169,Killara
390,942 000027254615,04-05-18,230,Killara
391,942 000027254647,04-05-18,151,Killara
392,942 000027254653,04-05-18,156,Killara
393,942 000027254669,04-05-18,180,Killara
394,942 000027254701,04-05-18,194,Killara
395,942 000027254706,04-05-18,146,Killara
396,942 000027254717,04-05-18,174,Killara
397,942 000027254739,04-05-18,179,Killara
398,942 000027254792,11-04-19,109.5,Killara
399,942 000027254817,04-05-18,162,Killara
400,942 000027254830,04-05-18,200,Killara
401,942 000027254854,04-05-18,185,Killara
402,942 000027254870,04-05-18,176,Killara
403,942 000027254871,04-05-18,170,Killara
404,942 000027254908,04-05-18,197,Killara
405,942 000027254916,04-05-18,162,Killara
406,942 000027254969,04-05-18,172,Killara
407,942 000027254998,04-05-18,196,Killara
408,942 000027255053,04-05-18,155,Killara
409,942 000027255118,18-03-19,106,Killara
410,942 000027255154,04-05-18,198,Killara
411,942 000027255186,04-05-18,192,Killara
412,942 000027255202,04-05-18,180,Killara
413,942 000027255205,04-05-18,189,Killara
414,942 000027255208,04-05-18,186,Killara
415,942 000027255293,04-05-18,157,Killara
416,942 000027255302,04-05-18,204,Killara
417,942 000027255381,04-05-18,180,Killara
418,942 000027255398,25-04-18,479,Killara
419,942 000027255414,04-05-18,182,Killara
420,942 000027255419,04-05-18,181,Killara
421,942 000027708773,04-05-18,131,Killara
422,942 000027708789,04-05-18,126,Killara
423,942 000027708794,04-05-18,130,Killara
424,942 000027708818,04-05-18,154,Killara
425,942 000027708999,04-05-18,127,Killara
426,942 000027709194,04-05-18,152,Killara
427,942 000027709387,04-05-18,166,Killara
428,942 000027709442,04-05-18,160,Killara
429,942 000027709688,04-05-18,136,Killara
430,942 000027709921,04-05-18,122,Killara
431,942 000027710066,04-05-18,129,Killara
432,942 000027710068,04-05-18,136,Killara
433,942 000027710676,04-05-18,139,Killara
434,942 000029329798,25-03-19,159,Killara
435,942 000029329812,25-03-19,165,Killara
436,942 000029329826,18-04-19,114.5,Killara
437,942 000029357874,04-05-18,199,Killara
438,942 000029357878,25-03-19,143.5,Killara
439,942 000029357879,30-05-19,439,Killara
440,942 000029357886,04-05-18,114,Killara
441,942 000029357887,08-03-19,120.5,Killara
442,942 000029357893,08-03-19,141.5,Killara
443,942 000029357894,18-04-19,122.5,Killara
444,942 000029357896,11-04-19,145.5,Killara
445,942 000029357897,18-03-19,128.5,Killara
446,942 000029357899,18-03-19,112.5,Killara
447,942 000029357900,04-05-18,146,Killara
448,942 000029357906,18-04-19,107.5,Killara
449,942 000029357908,11-04-19,111,Killara
450,942 000029357910,11-04-19,154,Killara
451,942 000029357911,08-03-19,167,Killara
452,942 000029357922,02-03-19,124.5,Killara
453,942 000029357926,02-03-19,144,Killara
454,942 000029357929,18-03-19,140,Killara
455,942 000029357938,18-03-19,110.5,Killara
456,942 000029357942,18-03-19,116,Killara
457,942 000029357943,08-03-19,126.5,Killara
458,942 000029357946,08-03-19,182.5,Killara
459,942 000029357951,11-04-19,147.5,Killara
460,942 000029357953,02-03-19,112,Killara
461,942 000029357954,04-05-18,302,Killara
462,942 000029357954,30-05-19,566,Killara
463,942 000029357956,18-03-19,155,Killara
464,942 000029357957,02-03-19,148,Killara
465,942 000029357959,08-03-19,172,Killara
466,942 000029357960,04-05-18,92,Killara
467,942 000029357962,18-03-19,140.5,Killara
468,942 000029357963,04-05-18,181,Killara
469,942 000029357965,02-03-19,173,Killara
470,942 000029357966,18-03-19,124.5,Killara
471,942 000029357969,04-05-18,154,Killara
472,942 000029357970,04-05-18,170,Killara
473,942 000029357974,11-04-19,174,Killara
474,942 000029357979,25-03-19,166.5,Killara
475,942 000029357980,02-03-19,169.5,Killara
476,942 000029357985,11-04-19,147,Killara
477,942 000029357986,04-05-18,205,Killara
478,942 000029357987,08-03-19,121.5,Killara
479,942 000029357989,25-03-19,125.5,Killara
480,942 000029357990,02-03-19,136.5,Killara
481,942 000029357997,08-03-19,207,Killara
482,942 000029358000,18-03-19,117,Killara
483,942 000029358006,11-04-19,136.5,Killara
484,942 000029358007,11-04-19,157,Killara
485,942 000029358008,02-03-19,127,Killara
486,942 000029358010,18-04-19,125,Killara
487,942 000029358014,04-05-18,109,Killara
488,942 000029358015,18-03-19,113.5,Killara
489,942 000029358017,18-03-19,170.5,Killara
490,942 000029358022,08-03-19,147.5,Killara
491,942 000029358027,11-04-19,134,Killara
492,942 000029358029,11-04-19,127,Killara
493,942 000029358030,02-03-19,129.5,Killara
494,942 000029358033,11-04-19,121,Killara
495,942 000029358035,04-05-18,124,Killara
496,942 000029358036,11-04-19,132.5,Killara
497,942 000029358038,04-05-18,122,Killara
498,942 000029358040,08-03-19,142,Killara
499,942 000029358041,04-05-18,216,Killara
500,942 000029358042,11-04-19,156,Killara
501,942 000029358044,18-03-19,83.5,Killara
502,942 000029358045,08-03-19,210,Killara
503,942 000029358053,18-03-19,120,Killara
504,942 000029358054,04-05-18,114,Killara
505,942 000029358055,04-05-18,123,Killara
506,942 000029358060,02-03-19,96.5,Killara
507,942 000029358062,18-03-19,140,Killara
508,942 000029358067,11-04-19,175.5,Killara
509,942 000029358068,18-03-19,151,Killara
510,942 000029358070,11-04-19,136,Killara
511,942 000029358071,02-03-19,159.5,Killara
512,942 000029358073,11-04-19,156,Killara
513,942 000029358074,11-04-19,126.5,Killara
514,942 000029358082,18-03-19,136.5,Killara
515,942 000029358084,11-04-19,152,Killara
516,942 000029358087,18-03-19,129.5,Killara
517,942 000029358089,04-05-18,138,Killara
518,942 000029358094,04-05-18,170,Killara
519,942 000029358099,04-05-18,201,Killara
520,942 000029358101,18-03-19,105,Killara
521,942 000029358102,18-03-19,121.5,Killara
522,942 000029358106,08-03-19,126,Killara
523,942 000029358107,04-05-18,116,Killara
524,942 000029358108,04-05-18,106,Killara
525,942 000029358112,08-03-19,147.5,Killara
526,942 000029358114,04-05-18,109,Killara
527,942 000029358115,04-05-18,156,Killara
528,942 000029358117,18-03-19,105,Killara
529,942 000029358118,11-04-19,118,Killara
530,942 000029358120,08-03-19,153.5,Killara
531,942 000029358123,11-04-19,96.5,Killara
532,942 000029358130,11-04-19,160.5,Killara
533,942 000029358131,18-04-19,93,Killara
534,942 000029358132,02-03-19,119.5,Killara
535,942 000029358138,11-04-19,127,Killara
536,942 000029358139,18-03-19,140,Killara
537,942 000029358142,02-03-19,93,Killara
538,942 000029358143,18-03-19,87.5,Killara
539,942 000029358144,02-03-19,194.5,Killara
540,942 000029358150,04-05-18,400,Killara
541,942 000029358151,11-04-19,148,Killara
542,942 000029358156,18-03-19,109.5,Killara
543,942 000029358160,13-02-19,296,Killara
544,942 000029358163,04-05-18,156,Killara
545,942 000029358165,11-04-19,144,Killara
546,942 000029358167,18-03-19,101,Killara
547,942 000029358169,25-03-19,156.5,Killara
548,942 000029358170,11-04-19,141,Killara
549,942 000029358171,18-03-19,92.5,Killara
550,942 000029358174,11-04-19,134,Killara
551,942 000029358186,11-04-19,151,Killara
552,942 000029358189,11-04-19,148.5,Killara
553,942 000029358193,02-03-19,112,Killara
554,942 000029358195,11-04-19,124.5,Killara
555,942 000029358200,04-05-18,236,Killara
556,942 000029358203,02-03-19,153.5,Killara
557,942 000029358205,11-04-19,117.5,Killara
558,942 000029358213,18-03-19,157,Killara
559,942 000029358217,11-04-19,145,Killara
560,942 000029358219,11-04-19,133.5,Killara
561,942 000029358225,11-04-19,107.5,Killara
562,942 000029358228,11-04-19,121,Killara
563,942 000029358237,08-03-19,168,Killara
564,942 000029358238,04-05-18,185,Killara
565,942 000029358241,08-03-19,149.5,Killara
566,942 000029358243,18-03-19,118,Killara
567,942 000029358244,11-04-19,139.5,Killara
568,942 000029358247,08-03-19,130,Killara
569,942 000029358250,18-03-19,119.5,Killara
570,942 000029358254,02-03-19,141,Killara
571,942 000029358257,02-03-19,120.5,Killara
572,942 000029358261,11-04-19,206,Killara
573,942 000029358263,18-03-19,148,Killara
574,942 000029358264,18-03-19,140.5,Killara
575,942 000029358277,04-05-18,209,Killara
576,942 000029358279,04-05-18,141,Killara
577,942 000029358280,18-03-19,130,Killara
578,942 000029358294,04-05-18,116,Killara
579,942 000029358297,18-03-19,138.5,Killara
580,942 000029358301,18-03-19,143,Killara
581,942 000029358304,11-04-19,141,Killara
582,942 000029358307,18-03-19,128,Killara
583,942 000029358309,04-05-18,155,Killara
584,942 000029358310,18-03-19,112.5,Killara
585,942 000029358314,18-04-19,130,Killara
586,942 000029358318,08-03-19,170,Killara
587,942 000029358321,11-04-19,134,Killara
588,942 000029358323,04-05-18,139,Killara
589,942 000029358327,18-03-19,127,Killara
590,942 000029358328,02-03-19,198,Killara
591,942 000029358329,04-05-18,148,Killara
592,942 000029358331,02-03-19,175.5,Killara
593,942 000029358332,02-03-19,176,Killara
594,942 000029358337,08-03-19,182.5,Killara
595,942 000029358338,04-05-18,142,Killara
596,942 000029358343,04-05-18,119,Killara
597,942 000029358345,18-03-19,131,Killara
598,942 000029358347,11-04-19,154.5,Killara
599,942 000029358351,04-05-18,181,Killara
600,942 000029358359,11-04-19,169,Killara
601,942 000029358361,04-05-18,111,Killara
602,942 000029358363,04-05-18,179,Killara
603,942 000029358367,02-03-19,201,Killara
604,942 000029358370,04-05-18,196,Killara
605,942 000029358377,18-04-19,107,Killara
606,942 000029358378,18-03-19,101.5,Killara
607,942 000029358379,11-04-19,120.5,Killara
608,942 000029358382,02-03-19,139,Killara
609,942 000029358385,08-03-19,267,Killara
610,942 000029358387,04-05-18,155,Killara
611,942 000029358390,11-04-19,126,Killara
612,942 000029358393,18-03-19,122.5,Killara
613,942 000029358394,02-03-19,156.5,Killara
614,942 000029358399,04-05-18,191,Killara
615,942 000029358402,25-03-19,137,Killara
616,942 000029358405,11-04-19,126.5,Killara
617,942 000029358407,18-03-19,126,Killara
618,942 000029358410,18-03-19,136.5,Killara
619,942 000029358413,11-04-19,151,Killara
620,942 000029358418,18-03-19,115,Killara
621,942 000029358433,18-03-19,98,Killara
622,942 000029358434,25-03-19,128.5,Killara
623,942 000029358435,11-04-19,111,Killara
624,942 000029358441,04-05-18,154,Killara
625,942 000029358450,04-05-18,82,Killara
626,942 000029358465,25-03-19,100.5,Killara
627,942 000029358472,18-03-19,115,Killara
628,942 000029358475,18-03-19,117.5,Killara
629,942 000029358476,08-03-19,148,Killara
630,942 000029358491,02-03-19,204,Killara
631,942 000029358493,18-03-19,113,Killara
632,942 000029358496,08-03-19,226,Killara
633,942 000029358500,08-03-19,147,Killara
634,942 000029358505,08-03-19,232,Killara
635,942 000029358509,18-03-19,119.5,Killara
636,942 000029358510,18-03-19,145,Killara
637,942 000029358516,11-04-19,148.5,Killara
638,942 000029358529,18-03-19,115.5,Killara
639,942 000029358534,18-04-19,113.5,Killara
640,942 000029358545,04-05-18,152,Killara
641,942 000029358549,11-04-19,158.5,Killara
642,942 000029358550,18-03-19,131.5,Killara
643,942 000029358553,25-03-19,127.5,Killara
644,942 000029358555,04-05-18,118,Killara
645,942 000029358557,04-05-18,222,Killara
646,942 000029358559,18-03-19,120,Killara
647,942 000029358570,04-05-18,126,Killara
648,942 000029358574,11-04-19,108,Killara
649,942 000029358576,18-03-19,119.5,Killara
650,942 000029358578,18-03-19,121.5,Killara
651,942 000029358580,04-05-18,161,Killara
652,942 000029358581,02-03-19,145,Killara
653,942 000029358586,04-05-18,135,Killara
654,942 000029358599,18-03-19,104.5,Killara
655,942 000029358600,08-03-19,147.5,Killara
656,942 000029358602,08-03-19,134.5,Killara
657,942 000029358617,04-05-18,119,Killara
658,942 000029358618,04-05-18,144,Killara
659,942 000029358629,18-03-19,128,Killara
660,942 000029358630,18-03-19,121.5,Killara
661,942 000029358632,11-04-19,151,Killara
662,942 000029358633,04-05-18,180,Killara
663,942 000029358635,04-05-18,181,Killara
664,942 000029358640,02-03-19,87.5,Killara
665,942 000029358662,04-05-18,206,Killara
666,942 000029358681,11-04-19,152,Killara
667,942 000029358694,18-03-19,95,Killara
668,942 000029358708,18-03-19,138,Killara
669,942 000029358714,04-05-18,147,Killara
670,942 000029358726,11-04-19,125.5,Killara
671,942 000029358730,18-03-19,116,Killara
672,942 000029358735,04-05-18,199,Killara
673,942 000029358739,18-04-19,114.5,Killara
674,942 000029358744,18-03-19,102.5,Killara
675,942 000029358745,04-05-18,116,Killara
676,942 000029358750,11-04-19,197,Killara
677,942 000029358751,18-04-19,123,Killara
678,942 000029358758,18-03-19,137,Killara
679,942 000029358772,04-05-18,164,Killara
680,942 000029358782,11-04-19,129.5,Killara
681,942 000029358800,08-03-19,113.5,Killara
682,942 000029358802,04-05-18,117,Killara
683,942 000029358804,02-03-19,126,Killara
684,942 000029358806,11-04-19,126,Killara
685,942 000029358811,18-03-19,108.5,Killara
686,942 000029358814,04-05-18,159,Killara
687,942 000029358824,08-03-19,187.5,Killara
688,942 000029358831,04-05-18,124,Killara
689,942 000029358841,11-04-19,123,Killara
690,942 000029358845,18-03-19,138,Killara
691,942 000029358861,11-04-19,121.5,Killara
692,942 000029358867,18-03-19,153,Killara
693,942 000029358873,04-05-18,123,Killara
694,942 000029358876,02-03-19,164,Killara
695,942 000029358878,08-03-19,160.5,Killara
696,942 000029358884,08-03-19,126,Killara
697,942 000029358893,04-05-18,193,Killara
698,942 000029358897,04-05-18,176,Killara
699,942 000029358913,11-04-19,149,Killara
700,942 000029358918,04-05-18,239,Killara
701,942 000029358929,18-03-19,120,Killara
702,942 000029358932,04-05-18,135,Killara
703,942 000029358940,11-04-19,156,Killara
704,942 000029358946,08-03-19,159.5,Killara
705,942 000029358949,18-04-19,107,Killara
706,942 000029358950,11-04-19,157,Killara
707,942 000029358960,04-05-18,141,Killara
708,942 000029358963,02-03-19,152,Killara
709,942 000029358971,04-05-18,139,Killara
710,942 000029358972,08-03-19,129.5,Killara
711,942 000029358977,08-03-19,136,Killara
712,942 000029358992,04-05-18,122,Killara
713,942 000029358997,04-05-18,162,Killara
714,942 000029359006,18-04-19,108.5,Killara
715,942 000029359015,18-03-19,111.5,Killara
716,942 000029359019,08-03-19,128,Killara
717,942 000029359029,11-04-19,145.5,Killara
718,942 000029359031,18-03-19,90.5,Killara
719,942 000029359037,18-03-19,111.5,Killara
720,942 000029359049,18-04-19,130.5,Killara
721,942 000029359073,04-05-18,181,Killara
722,942 000029359083,02-03-19,128,Killara
723,942 000029359089,11-04-19,127,Killara
724,942 000029359099,02-03-19,175,Killara
725,942 000029359105,25-03-19,175.5,Killara
726,942 000029359118,18-03-19,115.5,Killara
727,942 000029359120,11-04-19,135.5,Killara
728,942 000029359123,25-03-19,93.5,Killara
729,942 000029359129,08-03-19,109.5,Killara
730,942 000029359141,04-05-18,161,Killara
731,942 000029359166,02-03-19,103.5,Killara
732,942 000029359169,08-03-19,156.5,Killara
733,942 000029359179,18-04-19,128.5,Killara
734,942 000029359189,04-05-18,170,Killara
735,942 000029359191,04-05-18,195,Killara
736,942 000029359196,18-04-19,113,Killara
737,942 000029359197,11-04-19,159,Killara
738,942 000029359202,11-04-19,157,Killara
739,942 000029359203,04-05-18,206,Killara
740,942 000029359210,25-03-19,182,Killara
741,942 000029359219,04-05-18,186,Killara
742,942 000029359248,11-04-19,102,Killara
743,942 000029359253,25-03-19,145.5,Killara
744,942 000029359268,11-04-19,137.5,Killara
745,942 000029359278,11-04-19,160.5,Killara
746,942 000029359302,04-05-18,190,Killara
747,942 000029359303,11-04-19,160,Killara
748,942 000029359308,11-04-19,142.5,Killara
749,942 000029359309,11-04-19,125.5,Killara
750,942 000029359315,11-04-19,125.5,Killara
751,942 000029359324,02-03-19,132.5,Killara
752,942 000029359340,18-03-19,92.5,Killara
753,942 000029359343,04-05-18,112,Killara
754,942 000029359347,08-03-19,179.5,Killara
755,942 000029359357,11-04-19,126,Killara
756,942 000029359358,08-03-19,141.5,Killara
757,942 000029359359,04-05-18,118,Killara
758,942 000029359364,02-03-19,141,Killara
759,942 000029359368,11-04-19,176.5,Killara
760,942 000029359378,08-03-19,143,Killara
761,942 000029359383,02-03-19,104.5,Killara
762,942 000029359392,18-03-19,114,Killara
763,942 000029359395,08-03-19,115,Killara
764,942 000029359408,18-03-19,149.5,Killara
765,942 000029359419,11-04-19,117,Killara
766,942 000029359424,18-03-19,98,Killara
767,942 000029359432,08-03-19,146,Killara
768,942 000029359435,18-03-19,150,Killara
769,942 000029359439,04-05-18,144,Killara
770,942 000029359453,04-05-18,196,Killara
771,942 000029359462,08-03-19,109.5,Killara
772,942 000029359466,02-03-19,159.5,Killara
773,942 000029359467,18-03-19,89,Killara
774,942 000029359471,04-05-18,136,Killara
775,942 000029359479,11-04-19,116,Killara
776,942 000029359492,11-04-19,117,Killara
777,942 000029359512,11-04-19,117,Killara
778,942 000029359516,11-04-19,107.5,Killara
779,942 000029359520,08-03-19,112.5,Killara
780,942 000029359537,04-05-18,152,Killara
781,942 000029359550,04-05-18,159,Killara
782,942 000029359562,08-03-19,135.5,Killara
783,942 000029359569,08-03-19,188.5,Killara
784,942 000029359575,04-05-18,176,Killara
785,942 000029359576,02-03-19,178.5,Killara
786,942 000029359579,25-03-19,140.5,Killara
787,942 000029359582,18-04-19,122,Killara
788,942 000029359589,18-03-19,101,Killara
789,942 000029359597,18-04-19,125,Killara
790,942 000029359611,11-04-19,133.5,Killara
791,942 000029359632,08-03-19,125,Killara
792,942 000029359633,18-03-19,140,Killara
793,942 000029359640,11-04-19,142.5,Killara
794,942 000029359650,08-03-19,127.5,Killara
795,942 000029359660,11-04-19,174,Killara
796,942 000029359665,08-03-19,205,Killara
797,942 000029359667,11-04-19,132.5,Killara
798,942 000029359675,04-05-18,168,Killara
799,942 000029359682,04-05-18,180,Killara
800,942 000029359683,04-05-18,138,Killara
801,942 000029359727,18-04-19,148,Killara
802,942 000029359763,11-04-19,111.5,Killara
803,942 000029359785,04-05-18,206,Killara
804,942 000029359790,18-03-19,126,Killara
805,942 000029359792,11-04-19,113.5,Killara
806,942 000029359795,18-03-19,92,Killara
807,942 000029359799,18-04-19,125.5,Killara
808,942 000029359802,11-04-19,137.5,Killara
809,942 000029359808,18-03-19,140.5,Killara
810,942 000029359819,11-04-19,178.5,Killara
811,942 000029359823,04-05-18,216,Killara
812,942 000029359830,04-05-18,180,Killara
813,942 000029359831,04-05-18,140,Killara
814,942 000029359836,02-03-19,81.5,Killara
815,942 000029359840,08-03-19,144,Killara
816,942 000029359844,18-03-19,146,Killara
817,942 000029359847,04-05-18,172,Killara
818,942 000029359849,22-05-18,278,Killara
819,942 000029359859,11-04-19,154,Killara
820,942 000029359861,18-03-19,165,Killara
821,942 000029359866,04-05-18,142,Killara
822,942 000029359877,08-03-19,120,Killara
823,942 000029359880,18-03-19,111.5,Killara
824,942 000029390727,11-04-19,130.5,Killara
825,942 000029390973,18-03-19,102,Killara
826,942 000029394033,04-05-18,167,Killara
827,942 000029394974,04-05-18,156,Killara
828,942 000029419999,08-03-19,120.5,Killara
829,942 000029420050,18-03-19,113.5,Killara
830,942 000029420108,02-03-19,171,Killara
831,942 000029420144,11-04-19,109.5,Killara
832,942 000029420159,02-03-19,120,Killara
833,942 000029420196,25-03-19,157.5,Killara
834,942 000029420209,02-03-19,130.5,Killara
835,942 000029420250,08-03-19,142,Killara
836,942 000029420251,25-03-19,111.5,Killara
837,942 000029420263,18-03-19,145,Killara
838,942 000029420314,08-03-19,168.5,Killara
839,942 000029420326,08-03-19,117,Killara
840,942 000029420404,11-04-19,108,Killara
841,942 000029420437,08-03-19,128,Killara
842,942 000029420439,08-03-19,119.5,Killara
843,942 000029420440,08-03-19,135,Killara
844,942 000029420476,11-04-19,87,Killara
845,942 000029420522,08-03-19,176.5,Killara
846,942 000029420537,08-03-19,121.5,Killara
847,942 000029420828,18-04-19,118.5,Killara
848,942 000029420935,25-03-19,131.5,Killara
849,942 000029421017,08-03-19,114,Killara
850,942 000029421046,11-04-19,135,Killara
851,942 000029421070,08-03-19,118,Killara
852,942 000029421165,08-03-19,132,Killara
853,942 000029421176,08-03-19,177.5,Killara
854,942 000029421356,11-04-19,142,Killara
855,942 000029421374,08-03-19,177,Killara
856,942 000029421551,11-04-19,162,Killara
857,942 000029421591,18-03-19,117.5,Killara
858,942 000029421619,02-03-19,121,Killara
859,942 000029421620,08-03-19,128,Killara
860,942 000029421647,11-04-19,141,Killara
861,942 000029421651,02-03-19,135.5,Killara
862,942 000029421697,08-03-19,145.5,Killara
863,942 000029421766,11-04-19,164,Killara
864,942 000029421894,08-03-19,170.5,Killara
865,942 000029421941,18-03-19,139,Killara
866,942 000029421981,18-03-19,146,Killara
867,942 000029421996,18-04-19,138.5,Killara
868,942 000032273799,08-03-19,179,Killara
869,942 000032273824,08-03-19,205,Killara
870,942 000032273845,08-03-19,121,Killara
871,942 000032273904,08-03-19,135.5,Killara
872,942 000032273929,25-03-19,117.5,Killara
873,942 000032273944,08-03-19,170,Killara
874,942 000032273945,08-03-19,117.5,Killara
875,942 000032273966,08-03-19,221,Killara
876,942 000032273995,11-04-19,117.5,Killara
877,942 000032274002,18-04-19,115,Killara
878,942 000032274013,08-03-19,196.5,Killara
879,942 000032274033,11-04-19,121,Killara
880,942 000032274036,08-03-19,149,Killara
881,942 000032274049,08-03-19,131.5,Killara
882,942 000032274051,08-03-19,181,Killara
883,942 000032274075,11-04-19,156.5,Killara
884,942 000032274089,08-03-19,217,Killara
885,942 000032274109,18-04-19,125.5,Killara
886,942 000032274132,08-03-19,168,Killara
887,942 000032274171,08-03-19,155,Killara
888,942 000032274172,08-03-19,144,Killara
889,942 000032274219,08-03-19,124.5,Killara
890,942 000032274242,08-03-19,133,Killara
891,942 000032274268,08-03-19,172,Killara
892,942 000032274270,02-03-19,112,Killara
893,942 000032274325,08-03-19,183.5,Killara
894,942 000032274328,08-03-19,208,Killara
895,942 000032274378,08-03-19,146,Killara
896,942 000032274420,25-03-19,157,Killara
897,942 000032274438,18-04-19,120.5,Killara
898,942 000032274455,20-03-19,166.5,Killara
899,942 000032274463,08-03-19,164.5,Killara
900,942 000032274468,18-03-19,83,Killara
901,942 000032274470,08-03-19,143.5,Killara
902,942 000032274516,08-03-19,142.5,Killara
903,942 000032274535,18-04-19,133,Killara
904,942 000032274538,08-03-19,128.5,Killara
905,942 000032274552,18-04-19,98.5,Killara
906,942 000032274557,11-04-19,131,Killara
907,942 000032274574,08-03-19,211,Killara
908,942 000032274590,08-03-19,202,Killara
909,942 000032274598,18-04-19,118.5,Killara
910,942 000032274608,08-03-19,209,Killara
911,942 000032274611,25-03-19,130.5,Killara
912,942 000032274617,08-03-19,128,Killara
913,942 000032274695,08-03-19,172,Killara
914,942 000032274708,18-04-19,109,Killara
915,942 000032274738,11-04-19,162.5,Killara
916,942 000032274745,25-03-19,140.5,Killara
917,942 000032274757,08-03-19,137,Killara
918,942 000032274763,08-03-19,217,Killara
919,942 000032274791,18-04-19,128,Killara
920,942 000032274792,08-03-19,154,Killara
921,942 000032274811,08-03-19,189,Killara
922,942 000032274816,08-03-19,166.5,Killara
923,942 000032274826,08-03-19,169.5,Killara
924,942 000032274847,08-03-19,121,Killara
925,942 000032274851,18-04-19,125.5,Killara
926,942 000032274855,08-03-19,181,Killara
927,942 000032274868,08-03-19,121.5,Killara
928,942 000032274875,08-03-19,124.5,Killara
929,942 000032274879,08-03-19,114,Killara
930,942 000032274951,08-03-19,141.5,Killara
931,942 000032274956,08-03-19,109,Killara
932,942 000032274970,08-03-19,154,Killara
933,942 000032274984,08-03-19,136,Killara
934,942 000032275035,08-03-19,113.5,Killara
935,942 000032275037,08-03-19,119,Killara
936,942 000032275054,08-03-19,121,Killara
937,942 000032275076,08-03-19,113.5,Killara
938,942 000032275079,18-03-19,97.5,Killara
939,942 000032275097,18-04-19,134,Killara
940,942 000032275116,18-04-19,116.5,Killara
941,942 000032275150,18-04-19,135.5,Killara
942,942 000032275160,25-03-19,150,Killara
943,942 000032275167,08-03-19,136.5,Killara
944,942 000032275221,25-03-19,162.5,Killara
945,942 000032275236,11-04-19,150,Killara
946,942 000032275258,18-03-19,117,Killara
947,942 000032275301,11-04-19,132.5,Killara
948,942 000032275316,08-03-19,109,Killara
949,942 000032275319,08-03-19,171,Killara
950,942 000032275320,08-03-19,181.5,Killara
951,942 000032275327,08-03-19,122.5,Killara
952,942 000032275334,08-03-19,107,Killara
953,942 000032275346,18-03-19,134,Killara
954,942 000032818522,08-03-19,169,Killara
955,942 000032818551,08-03-19,176,Killara
956,942 000032818558,11-04-19,156.5,Killara
957,942 000032818559,11-04-19,144,Killara
958,942 000032818600,08-03-19,155,Killara
959,942 000032818608,02-03-19,256,Killara
960,942 000032818609,18-04-19,137,Killara
961,942 000032818628,11-04-19,149.5,Killara
962,942 000032818649,11-04-19,139.5,Killara
963,942 000032818686,18-03-19,112.5,Killara
964,942 000032818698,08-03-19,122.5,Killara
965,942 000032818700,11-04-19,119.5,Killara
966,942 000032818702,18-03-19,121,Killara
967,942 000032818711,11-04-19,138,Killara
968,942 000032818726,08-03-19,158.5,Killara
969,942 000032818750,18-03-19,151,Killara
970,942 000032818767,08-03-19,111.5,Killara
971,942 000032818768,11-04-19,135.5,Killara
972,942 000032818779,11-04-19,144,Killara
973,942 000032818781,02-03-19,95,Killara
974,942 000032818784,18-03-19,96,Killara
975,942 000032818792,11-04-19,140.5,Killara
976,942 000032818800,25-03-19,154.5,Killara
977,942 000032818802,08-03-19,127,Killara
978,942 000032818804,25-03-19,178.5,Killara
979,942 000032818821,18-04-19,91.5,Killara
980,942 000032818822,18-03-19,141,Killara
981,942 000032818835,11-04-19,151,Killara
982,942 000032818846,25-03-19,131.5,Killara
983,942 000032818848,18-04-19,111.5,Killara
984,942 000032818851,18-03-19,112.5,Killara
985,942 000032818852,11-04-19,152.5,Killara
986,942 000032818855,11-04-19,128,Killara
987,942 000032818864,11-04-19,123.5,Killara
988,942 000032818866,11-04-19,136,Killara
989,942 000032818870,08-03-19,259,Killara
990,942 000032818877,02-03-19,99.5,Killara
991,942 000032818878,11-04-19,111.5,Killara
992,942 000032818880,11-04-19,128.5,Killara
993,942 000032818901,18-03-19,115,Killara
994,942 000032818905,25-03-19,168.5,Killara
995,942 000032818910,08-03-19,160,Killara
996,942 000032818913,11-04-19,119,Killara
997,942 000032818921,18-03-19,99,Killara
998,942 000032818928,08-03-19,175.5,Killara
999,942 000032818952,08-03-19,166,Killara
1000,942 000032818967,11-04-19,154.5,Killara
1001,942 000032818980,11-04-19,140,Killara
1002,942 000032818994,18-03-19,92,Killara
1003,942 000032818995,18-04-19,91.5,Killara
1004,942 000032818997,18-04-19,105.5,Killara
1005,942 000032819006,08-03-19,131,Killara
1006,942 000032819013,08-03-19,185.5,Killara
1007,942 000032819030,08-03-19,110,Killara
1008,942 000032819041,18-04-19,115,Killara
1009,942 000032819049,11-04-19,155.5,Killara
1010,942 000032819067,11-04-19,98,Killara
1011,942 000032819086,18-03-19,149.5,Killara
1012,942 000032819118,18-03-19,134,Killara
1013,942 000032819123,11-04-19,182,Killara
1014,942 000032819124,18-03-19,175.5,Killara
1015,942 000032819125,17-02-19,103,Killara
1016,942 000032819135,11-04-19,142,Killara
1017,942 000032819144,08-03-19,102.5,Killara
1018,942 000032819148,08-03-19,179.5,Killara
1019,942 000032819157,18-03-19,119,Killara
1020,942 000032819174,24-03-19,123.5,Killara
1021,942 000032819180,11-04-19,149.5,Killara
1022,942 000032819210,18-03-19,119.5,Killara
1023,942 000032819221,18-03-19,128.5,Killara
1024,942 000032819224,11-04-19,99,Killara
1025,942 000032819235,08-03-19,128.5,Killara
1026,942 000032819244,08-03-19,156.5,Killara
1027,942 000032819264,11-04-19,155.5,Killara
1028,942 000032819266,18-04-19,147,Killara
1029,942 000032819272,18-03-19,117,Killara
1030,942 000032819274,11-04-19,171,Killara
1031,942 000032819283,11-04-19,156,Killara
1032,942 000032819296,08-03-19,122,Killara
1033,942 000032819339,08-03-19,193,Killara
1034,942 000032819372,11-04-19,127.5,Killara
1035,942 000032819377,08-03-19,158,Killara
1036,942 000032819423,08-03-19,158,Killara
1037,942 000032819443,18-03-19,103.5,Killara
1038,942 000032819448,08-03-19,133,Killara
1039,942 000032819496,25-03-19,174,Killara
1040,942 000032819501,18-03-19,70.5,Killara
1041,942 000032819503,18-03-19,137,Killara
1042,942 000032819549,11-04-19,137.5,Killara
1043,942 000032819571,08-03-19,130.5,Killara
1044,942 000032819642,02-03-19,83,Killara
1045,942 000032819680,18-03-19,118,Killara
1046,942 000032819727,08-03-19,138,Killara
1047,942 000032819768,02-03-19,126.5,Killara
1048,942 000032819772,18-03-19,82,Killara
1049,942 000032819792,02-03-19,117.5,Killara
1050,942 000032819797,18-03-19,117,Killara
1051,942 000032819824,08-03-19,159.5,Killara
1052,942 000032819879,08-03-19,197.5,Killara
1053,942 000032819921,18-03-19,107.5,Killara
1054,942 000032819968,08-03-19,130.5,Killara
1055,942 000032819987,11-04-19,164,Killara
1056,942 000032820068,18-04-19,121.5,Killara
1057,942 000032820092,18-03-19,127.5,Killara
1058,942 000032820119,08-03-19,165.5,Killara
1059,942 000032820131,11-04-19,153,Killara
1060,942 000032820138,18-04-19,136,Killara
1061,942 000032820147,11-04-19,100.5,Killara
1062,942 000032820158,11-04-19,100,Killara
1063,942 000032820184,18-03-19,134,Killara
1064,942 000032820192,11-04-19,146.5,Killara
1065,942 000032820201,18-03-19,119.5,Killara
1066,942 000032820210,11-04-19,173.5,Killara
1067,942 000032820255,18-04-19,120,Killara
1068,942 000032820264,11-04-19,132,Killara
1069,942 000032820278,08-03-19,130.5,Killara
1070,942 000032820288,08-03-19,156,Killara
1071,942 000032820298,08-03-19,170,Killara
1072,942 000032820336,25-03-19,174,Killara
1073,942 000032820389,11-04-19,151,Killara
1074,942 000032820391,08-03-19,121.5,Killara
1075,942 000032820414,08-03-19,125,Killara
1076,942 000032820429,11-04-19,140.5,Killara
1077,942 000032820444,25-03-19,214,Killara
1078,942 000032820503,11-04-19,104,Killara
1079,942 000032820512,11-04-19,148,Killara
1080,942 000032820520,08-03-19,127,Killara
1081,942 000032820538,11-04-19,140.5,Killara
1082,951 000305171317,22-05-18,278,Killara
1083,951 000305171420,22-05-18,278,Killara
1084,951 000305171511,22-05-18,278,Killara
1085,951 000305171690,22-05-18,278,Killara
1086,951 000305171836,22-05-18,278,Killara
1087,951 000305172193,22-05-18,278,Killara
1088,951 000305278309,22-05-18,278,Killara
1089,951 000305334898,22-05-18,278,Killara
1090,951 000305335304,22-05-18,278,Killara
1091,951 000305335305,22-05-18,278,Killara
1092,951 000305335753,22-05-18,278,Killara
1093,951 000305335771,22-05-18,278,Killara
1094,951 000305335886,22-05-18,278,Killara
1095,951 000305352666,22-05-18,278,Killara
1096,951 000305352928,22-05-18,278,Killara
1097,951 000305352958,22-05-18,278,Killara
1098,951 000308324312,22-05-18,278,Killara
1099,951 000308324522,22-05-18,278,Killara
1100,951 000308324527,22-05-18,278,Killara
1101,951 000308324541,22-05-18,278,Killara
1102,951 000308324545,22-05-18,278,Killara
1103,951 000308324570,22-05-18,278,Killara
1104,951 000308324572,22-05-18,278,Killara
1105,951 000308324573,22-05-18,278,Killara
1106,951 000308324580,22-05-18,278,Killara
1107,951 000308324583,22-05-18,278,Killara
1108,951 000308324585,22-05-18,278,Killara
1109,951 000308324587,22-05-18,278,Killara
1110,951 000308324591,22-05-18,278,Killara
1111,951 000308324709,22-05-18,278,Killara
1112,951 000308324710,22-05-18,278,Killara
1113,951 000308324712,22-05-18,278,Killara
1114,951 000308324721,22-05-18,278,Killara
1115,951 000308324726,22-05-18,278,Killara
1116,951 000308324733,22-05-18,278,Killara
1117,951 000308324735,22-05-18,278,Killara
1118,951 000308324737,22-05-18,278,Killara
1119,951 000308324751,22-05-18,278,Killara
1120,951 000308324753,22-05-18,278,Killara
1121,951 000308324756,22-05-18,278,Killara
1122,951 000308324761,22-05-18,278,Killara
1123,951 000308324785,22-05-18,278,Killara
1124,951 000308324793,22-05-18,278,Killara
1125,951 000308324797,22-05-18,278,Killara
1126,951 000308324812,22-05-18,278,Killara
1127,951 000308324822,22-05-18,278,Killara
1128,951 000308324833,22-05-18,278,Killara
1129,951 000308324846,22-05-18,278,Killara
1130,951 000308324849,22-05-18,278,Killara
1131,951 000308324850,22-05-18,278,Killara
1132,951 000308324851,22-05-18,278,Killara
1133,951 000308324878,22-05-18,278,Killara
1134,951 000308324891,22-05-18,278,Killara
1135,951 000308324894,22-05-18,278,Killara
1136,951 000308325006,22-05-18,278,Killara
1137,951 000308325052,22-05-18,278,Killara
1138,951 000308325055,22-05-18,278,Killara
1139,951 000308325068,22-05-18,278,Killara
1140,951 000308325093,22-05-18,278,Killara
1141,964 001013842111,30-05-19,366,Killara
1142,982 123549410485,04-05-18,175,Killara
1143,982 123716754353,19-03-19,179.5,Killara
1144,982 123716754354,19-03-19,192.5,Killara
1145,982 123716754360,19-03-19,189,Killara
1146,982 123716754366,19-03-19,138.5,Killara
1147,982 123716754368,19-03-19,194.5,Killara
1148,982 123716754369,19-03-19,163.5,Killara
1149,982 123716754374,19-03-19,196.5,Killara
1150,982 123716754377,19-03-19,211,Killara
1151,982 123716754379,19-03-19,222,Killara
1152,982 123716754381,19-03-19,193,Killara
1153,982 123716754382,19-03-19,220,Killara
1154,982 123716754385,19-03-19,241,Killara
1155,982 123716754387,25-03-19,203,Killara
1156,982 123716754388,19-03-19,277,Killara
1157,982 123716754391,19-03-19,184,Killara
1158,982 123716754392,25-03-19,163,Killara
1159,982 123716754393,19-03-19,183.5,Killara
1160,982 123716754394,19-03-19,192,Killara
1161,982 123716754395,19-03-19,224,Killara
1162,982 123716754396,19-03-19,207,Killara
1163,982 123716754397,25-03-19,196.5,Killara
1164,982 123716754403,25-03-19,228,Killara
1165,982 123716754405,25-03-19,237,Killara
1166,982 123716754408,19-03-19,224,Killara
1167,982 123716754410,19-03-19,198,Killara
1168,982 123716754411,19-03-19,256,Killara
1169,982 123716754413,19-03-19,231,Killara
1170,982 123716754415,19-03-19,238,Killara
1171,982 123716754416,19-03-19,255,Killara
1172,982 123716754419,25-03-19,222,Killara
1173,982 123716754420,19-03-19,277,Killara
1174,982 123716754421,19-03-19,117,Killara
1175,982 123716754422,19-03-19,180.5,Killara
1176,982 123716754424,25-03-19,132,Killara
1177,982 123716754425,19-03-19,216,Killara
1178,982 123716754427,19-03-19,192,Killara
1179,982 123716754429,19-03-19,203,Killara
1180,982 123716754437,19-03-19,176.5,Killara
1181,982 123716754439,19-03-19,142.5,Killara
1182,982 123716754442,25-03-19,166,Killara
1183,982 123716754443,19-03-19,136.5,Killara
1184,982 123716754447,19-03-19,217,Killara
1185,982 123716754448,19-03-19,204,Killara
1186,982 123716754449,19-03-19,183.5,Killara
1187,982 123716754450,19-03-19,185.5,Killara
1188,982 123722951971,17-04-19,193,Killara
1189,982 123722951972,17-04-19,182,Killara
1190,982 123722951973,17-04-19,157.5,Killara
1191,982 123722951974,17-04-19,163.5,Killara
1192,982 123722951975,17-04-19,221,Killara
1193,982 123722951976,17-04-19,201,Killara
1194,982 123722951977,17-04-19,203,Killara
1195,982 123722951978,17-04-19,211,Killara
1196,982 123722951979,17-04-19,220,Killara
1197,982 123722951980,17-04-19,195.5,Killara
1198,982 123722951981,17-04-19,210,Killara
1199,982 123722951982,17-04-19,235,Killara
1200,982 123722951983,17-04-19,201,Killara
1201,982 123722951984,17-04-19,198.5,Killara
1202,982 123722951985,17-04-19,196,Killara
1203,982 123722951986,17-04-19,225,Killara
1204,982 123722951987,17-04-19,164.5,Killara
1205,982 123722951988,17-04-19,193,Killara
1206,982 123722951989,17-04-19,166,Killara
1207,982 123722951990,17-04-19,236,Killara
1208,982 123722951991,17-04-19,148,Killara
1209,982 123722951992,17-04-19,204,Killara
1210,982 123722951993,17-04-19,194.5,Killara
1211,982 123722951994,17-04-19,233,Killara
1212,982 123722951995,17-04-19,209,Killara
1213,982 123722951996,17-04-19,192.5,Killara
1214,982 123722951997,17-04-19,200,Killara
1215,982 123722951998,17-04-19,200,Killara
1216,982 123722951999,17-04-19,212,Killara
1217,982 123722952000,17-04-19,127.5,Killara
1218,982 123722952001,17-04-19,212,Killara
1219,982 123722952002,17-04-19,199,Killara
1220,982 123722952003,17-04-19,176.5,Killara
1221,982 123722952004,17-04-19,230,Killara
1222,982 123722952005,17-04-19,203,Killara
1223,982 123722952006,17-04-19,209,Killara
1224,982 123722952007,17-04-19,218,Killara
1225,982 123722952008,17-04-19,205,Killara
1226,982 123722952009,17-04-19,216,Killara
1227,982 123722952010,17-04-19,216,Killara
1228,982 123722952011,17-04-19,214,Killara
1229,982 123722952012,17-04-19,183.5,Killara
1230,982 123722952013,17-04-19,220,Killara
1231,982 123722952014,17-04-19,234,Killara
1232,982 123722952015,17-04-19,209,Killara
1233,982 123722952016,17-04-19,223,Killara
1234,982 123722952017,17-04-19,229,Killara
1235,982 123722952018,17-04-19,257,Killara
1236,982 123722952019,17-04-19,252,Killara
1237,982 123722952020,17-04-19,216,Killara
1238,982 123722952021,17-04-19,217,Killara
1239,982 123722952022,17-04-19,206,Killara
