"","RFID","Weight","Date","Location","cattle_id"
"1","999 100000002065",71.54,2022-11-17 05:26:10,"ViedmaB1",NA
"2","999 100000002303",68.67,2022-11-17 05:26:10,"ViedmaB1",NA
"3","999 100000002379",71.5,2022-11-17 05:26:10,"ViedmaB1",NA
"4","999 100000002379",81.94,2022-11-17 05:32:40,"ViedmaB1",NA
"5","982 000444720489",88.68,2022-11-17 05:34:26,"ViedmaB1",NA
"6","999 100000002241",89.57,2022-11-17 05:34:26,"ViedmaB1",NA
"7","999 100000002379",89.56,2022-11-17 05:34:26,"ViedmaB1",NA
"8","964 001026898246",89.55,2022-11-17 05:34:26,"ViedmaB1",NA
"9","999 100000002303",89.64,2022-11-17 05:34:26,"ViedmaB1",NA
"10","999 100000002065",85.36,2022-11-17 05:34:26,"ViedmaB1",NA
"11","999 100000002303",86.47,2022-11-17 05:34:26,"ViedmaB1",NA
"12","964 001026898246",88.76,2022-11-17 05:34:26,"ViedmaB1",NA
"13","964 001026898246",89.14,2022-11-17 05:34:26,"ViedmaB1",NA
"14","999 100000002379",86.4,2022-11-17 05:34:45,"ViedmaB1",NA
"15","964 001026898246",74.74,2022-11-17 05:36:41,"ViedmaB1",NA
"16","999 100000002065",76.38,2022-11-17 05:36:41,"ViedmaB1",NA
"17","999 100000002065",68.3,2022-11-18 00:51:49,"ViedmaB1",NA
"18","982 126055493335",253.83,2022-11-18 03:41:42,"ViedmaB1",NA
"19","982 126055493339",433.88,2022-11-18 03:41:42,"ViedmaB1",NA
"20","982 126055493337",374.61,2022-11-18 03:41:42,"ViedmaB1",NA
"21","982 126055493336",809.96,2022-11-18 03:41:42,"ViedmaB1",NA
"22","982 126055493339",686.64,2022-11-18 03:41:42,"ViedmaB1",NA
"23","982 126055493336",587.9,2022-11-18 03:41:42,"ViedmaB1",NA
"24","982 126055493338",448.69,2022-11-18 03:41:46,"ViedmaB1",NA
"25","032 010001234771",443.67,2023-02-14 21:19:02,"ViedmaB1","63eca29e09a383fcf30aa6aa"
"26","032 010001234844",430.4,2023-02-14 21:20:42,"ViedmaB1","63eca29e09a383fcf30aa6ab"
"27","982 126055493192",596.27,2023-02-15 02:03:18,"ViedmaB1","63eca29e09a383fcf30aa6ac"
"28","982 126055493172",423.4,2023-02-15 02:06:41,"ViedmaB1","63eca29e09a383fcf30aa6ad"
"29","032 010001234771",485.19,2023-02-15 02:07:06,"ViedmaB1","63eca29e09a383fcf30aa6aa"
"30","982 126055493194",524.65,2023-02-15 02:07:06,"ViedmaB1","63eca29e09a383fcf30aa6ae"
"31","032 010001234771",442.11,2023-02-15 02:07:06,"ViedmaB1","63eca29e09a383fcf30aa6aa"
"32","982 126055493194",442.11,2023-02-15 02:07:06,"ViedmaB1","63eca29e09a383fcf30aa6ae"
"33","982 126055493195",376.78,2023-02-15 02:52:52,"ViedmaB1","63eca29e09a383fcf30aa6af"
"34","982 126055493186",422.12,2023-02-15 02:52:59,"ViedmaB1","63eca29f09a383fcf30aa6b0"
"35","982 126055493176",528.38,2023-02-15 02:53:23,"ViedmaB1","63eca29f09a383fcf30aa6b1"
"36","982 126055493179",380.73,2023-02-15 02:53:27,"ViedmaB1","63eca29f09a383fcf30aa6b2"
"37","982 126055493524",338.89,2023-02-15 02:54:18,"ViedmaB1","63eca29f09a383fcf30aa6b3"
"38","982 126055493175",376.62,2023-02-15 02:54:55,"ViedmaB1","63eca29f09a383fcf30aa6b4"
"39","982 126055493174",434,2023-02-15 02:54:58,"ViedmaB1","63eca29f09a383fcf30aa6b5"
"40","982 126055493187",458.33,2023-02-15 02:55:10,"ViedmaB1","63eca29f09a383fcf30aa6b6"
"41","982 126055493144",386.82,2023-02-15 02:59:42,"ViedmaB1","63eca2a009a383fcf30aa6b7"
"42","982 126055493190",362.42,2023-02-15 02:59:47,"ViedmaB1","63eca2a009a383fcf30aa6b8"
"43","982 126055493143",399.56,2023-02-15 03:00:05,"ViedmaB1","63eca2a009a383fcf30aa6b9"
"44","982 126055493188",450.22,2023-02-15 03:00:23,"ViedmaB1","63eca2a109a383fcf30aa6ba"
"45","982 126055493141",374.9,2023-02-15 03:00:33,"ViedmaB1","63eca2a109a383fcf30aa6bb"
"46","982 126055493142",643.5,2023-02-15 03:01:53,"ViedmaB1","63eca2a109a383fcf30aa6bc"
"47","982 126055493177",447.33,2023-02-15 03:02:08,"ViedmaB1","63eca2a109a383fcf30aa6bd"
"48","982 126055493140",432.89,2023-02-15 03:03:48,"ViedmaB1","63eca2a109a383fcf30aa6be"
"49","982 126055493182",431,2023-02-15 03:04:04,"ViedmaB1","63eca2a109a383fcf30aa6bf"
"50","982 126055493172",427.27,2023-02-15 03:13:14,"ViedmaB1","63eca29e09a383fcf30aa6ad"
"51","982 126055493193",442.33,2023-02-15 03:13:49,"ViedmaB1","63eca2a209a383fcf30aa6c0"
"52","982 126055493189",452.54,2023-02-15 03:16:20,"ViedmaB1","63eca2a209a383fcf30aa6c1"
"53","982 126055493192",178,2023-02-15 09:53:09,"ViedmaB1","63eca29e09a383fcf30aa6ac"
"54","982 126055493185",171.62,2023-02-15 10:04:30,"ViedmaB1","63eca2a209a383fcf30aa6c2"
"55","982 126055493175",320.75,2023-02-15 23:19:54,"ViedmaB1","63eca29f09a383fcf30aa6b4"
"56","982 126055493143",206,2023-02-15 23:20:01,"ViedmaB1","63eca2a009a383fcf30aa6b9"
"57","982 126055493525",230.7,2023-02-15 23:20:12,"ViedmaB1","63f336dc1743003b6e081b96"
"58","982 126055493180",69.69,2023-02-15 23:20:18,"ViedmaB1","63f336dd1743003b6e081b9e"
"59","982 126055493191",228.47,2023-02-15 23:20:18,"ViedmaB1","63f336dc1743003b6e081b97"
"60","982 126055493194",367.15,2023-02-15 23:20:35,"ViedmaB1","63eca29e09a383fcf30aa6ae"
"61","982 126055493187",254,2023-02-15 23:20:53,"ViedmaB1","63eca29f09a383fcf30aa6b6"
"62","982 126055493190",218.31,2023-02-15 23:20:57,"ViedmaB1","63eca2a009a383fcf30aa6b8"
"63","982 126055493142",245.56,2023-02-15 23:21:43,"ViedmaB1","63eca2a109a383fcf30aa6bc"
"64","982 126055493183",335.69,2023-02-15 23:21:58,"ViedmaB1","63f336dc1743003b6e081b98"
"65","982 126055493176",181.03,2023-02-15 23:21:58,"ViedmaB1","63eca29f09a383fcf30aa6b1"
"66","982 126055493188",214.17,2023-02-15 23:23:03,"ViedmaB1","63eca2a109a383fcf30aa6ba"
"67","982 126055493145",216.07,2023-02-15 23:23:06,"ViedmaB1","63f336dc1743003b6e081b99"
"68","982 126055493178",284.33,2023-02-15 23:23:11,"ViedmaB1","63f336dc1743003b6e081b9a"
"69","982 126055493181",217.8,2023-02-15 23:23:21,"ViedmaB1","63f336dd1743003b6e081b9b"
"70","982 126055493141",199.73,2023-02-15 23:23:53,"ViedmaB1","63eca2a109a383fcf30aa6bb"
"71","982 126055493193",309.85,2023-02-15 23:26:05,"ViedmaB1","63eca2a209a383fcf30aa6c0"
"72","982 126055493524",177.82,2023-02-15 23:26:23,"ViedmaB1","63eca29f09a383fcf30aa6b3"
"73","982 126055493195",251.31,2023-02-15 23:27:34,"ViedmaB1","63eca29e09a383fcf30aa6af"
"74","982 126055493179",199.31,2023-02-15 23:28:15,"ViedmaB1","63eca29f09a383fcf30aa6b2"
"75","982 126055493192",294.5,2023-02-15 23:28:28,"ViedmaB1","63eca29e09a383fcf30aa6ac"
"76","982 126055493174",232.26,2023-02-15 23:28:45,"ViedmaB1","63eca29f09a383fcf30aa6b5"
"77","032 010001234844",301.63,2023-02-15 23:28:45,"ViedmaB1","63eca29e09a383fcf30aa6ab"
"78","982 126055493174",300.09,2023-02-15 23:28:45,"ViedmaB1","63eca29f09a383fcf30aa6b5"
"79","982 126055493172",213.36,2023-02-15 23:29:38,"ViedmaB1","63eca29e09a383fcf30aa6ad"
"80","982 126055493177",440.25,2023-02-15 23:30:15,"ViedmaB1","63eca2a109a383fcf30aa6bd"
"81","982 126055493173",171.45,2023-02-15 23:30:41,"ViedmaB1","63f336dd1743003b6e081b9c"
"82","982 126055493182",273.18,2023-02-15 23:30:51,"ViedmaB1","63eca2a109a383fcf30aa6bf"
"83","982 126055493189",286.67,2023-02-15 23:30:59,"ViedmaB1","63eca2a209a383fcf30aa6c1"
"84","982 126055493144",316,2023-02-15 23:31:05,"ViedmaB1","63eca2a009a383fcf30aa6b7"
"85","982 126055493186",206,2023-02-15 23:31:53,"ViedmaB1","63eca29f09a383fcf30aa6b0"
"86","982 126055493140",421.25,2023-02-15 23:32:00,"ViedmaB1","63eca2a109a383fcf30aa6be"
"87","982 126055493185",248,2023-02-15 23:32:03,"ViedmaB1","63eca2a209a383fcf30aa6c2"
"88","982 126055493184",130.22,2023-02-15 23:33:06,"ViedmaB1","63f336dd1743003b6e081b9d"
"89","982 126055493192",201,2023-02-16 01:58:42,"ViedmaB1","63eca29e09a383fcf30aa6ac"
"90","982 126055493195",85.43,2023-02-16 03:48:00,"ViedmaB1","63eca29e09a383fcf30aa6af"
"91","982 126055493193",100.57,2023-02-16 03:51:27,"ViedmaB1","63eca2a209a383fcf30aa6c0"
"92","982 126055493524",90.6,2023-02-16 04:25:04,"ViedmaB1","63eca29f09a383fcf30aa6b3"
"93","982 126055493190",132,2023-02-16 04:25:29,"ViedmaB1","63eca2a009a383fcf30aa6b8"
"94","982 126055493191",142.43,2023-02-16 04:25:35,"ViedmaB1","63f336dc1743003b6e081b97"
"95","982 126055493194",0,2023-02-16 04:25:38,"ViedmaB1","63eca29e09a383fcf30aa6ae"
"96","032 010001234771",0,2023-02-16 04:25:38,"ViedmaB1","63eca29e09a383fcf30aa6aa"
"97","982 126055493186",100,2023-02-16 04:28:31,"ViedmaB1","63eca29f09a383fcf30aa6b0"
"98","982 126055493525",112.25,2023-02-16 04:39:18,"ViedmaB1","63f336dc1743003b6e081b96"
"99","982 126055493187",152.2,2023-02-16 05:26:25,"ViedmaB1","63eca29f09a383fcf30aa6b6"
"100","982 126055493181",233.33,2023-02-16 05:33:40,"ViedmaB1","63f336dd1743003b6e081b9b"
"101","982 126055493143",168.75,2023-02-16 05:34:24,"ViedmaB1","63eca2a009a383fcf30aa6b9"
"102","032 010001234771",58,2023-02-16 05:35:04,"ViedmaB1","63eca29e09a383fcf30aa6aa"
"103","982 126055493194",161.75,2023-02-16 05:40:10,"ViedmaB1","63eca29e09a383fcf30aa6ae"
"104","982 126055493188",137.06,2023-02-16 05:47:33,"ViedmaB1","63eca2a109a383fcf30aa6ba"
"105","982 126055493144",140.14,2023-02-16 05:47:33,"ViedmaB1","63eca2a009a383fcf30aa6b7"
"106","982 126055493177",0,2023-02-16 05:47:33,"ViedmaB1","63eca2a109a383fcf30aa6bd"
"107","982 126055493141",81.1,2023-02-16 05:52:36,"ViedmaB1","63eca2a109a383fcf30aa6bb"
"108","982 126055493182",65.14,2023-02-16 06:48:06,"ViedmaB1","63eca2a109a383fcf30aa6bf"
"109","982 126055493184",212.95,2023-02-16 06:48:43,"ViedmaB1","63f336dd1743003b6e081b9d"
"110","982 126055493179",123.88,2023-02-16 06:49:29,"ViedmaB1","63eca29f09a383fcf30aa6b2"
"111","982 126055493524",189.86,2023-02-16 06:50:19,"ViedmaB1","63eca29f09a383fcf30aa6b3"
"112","982 126055493190",70.57,2023-02-16 06:54:04,"ViedmaB1","63eca2a009a383fcf30aa6b8"
"113","982 126055493140",142,2023-02-16 07:18:37,"ViedmaB1","63eca2a109a383fcf30aa6be"
"114","982 126055493172",532.33,2023-02-16 07:22:24,"ViedmaB1","63eca29e09a383fcf30aa6ad"
"115","982 126055493173",327.16,2023-02-16 07:22:24,"ViedmaB1","63f336dd1743003b6e081b9c"
"116","982 126055493144",158.38,2023-02-16 08:29:20,"ViedmaB1","63eca2a009a383fcf30aa6b7"
"117","982 126055493183",129.38,2023-02-16 08:29:20,"ViedmaB1","63f336dc1743003b6e081b98"
"118","982 126055493185",346,2023-02-16 08:29:25,"ViedmaB1","63eca2a209a383fcf30aa6c2"
"119","982 126055493178",199.25,2023-02-16 08:29:30,"ViedmaB1","63f336dc1743003b6e081b9a"
"120","982 126055493180",261.71,2023-02-16 08:29:47,"ViedmaB1","63f336dd1743003b6e081b9e"
"121","982 126055493190",222.54,2023-02-16 08:30:08,"ViedmaB1","63eca2a009a383fcf30aa6b8"
"122","982 126055493182",249.22,2023-02-16 08:30:49,"ViedmaB1","63eca2a109a383fcf30aa6bf"
"123","982 126055493194",325.29,2023-02-16 08:34:14,"ViedmaB1","63eca29e09a383fcf30aa6ae"
"124","032 010001234771",292.58,2023-02-16 08:34:14,"ViedmaB1","63eca29e09a383fcf30aa6aa"
"125","032 010001234771",303.06,2023-02-16 08:34:14,"ViedmaB1","63eca29e09a383fcf30aa6aa"
"126","982 126055493194",292.01,2023-02-16 08:34:14,"ViedmaB1","63eca29e09a383fcf30aa6ae"
"127","032 010001234771",308.47,2023-02-16 08:34:14,"ViedmaB1","63eca29e09a383fcf30aa6aa"
"128","982 126055493194",299.76,2023-02-16 08:34:14,"ViedmaB1","63eca29e09a383fcf30aa6ae"
"129","982 126055493194",265.56,2023-02-16 08:34:14,"ViedmaB1","63eca29e09a383fcf30aa6ae"
"130","982 126055493186",345,2023-02-16 08:48:50,"ViedmaB1","63eca29f09a383fcf30aa6b0"
"131","982 126055493142",250.83,2023-02-16 08:48:56,"ViedmaB1","63eca2a109a383fcf30aa6bc"
"132","982 126055493172",281,2023-02-16 08:49:35,"ViedmaB1","63eca29e09a383fcf30aa6ad"
"133","982 126055493176",350,2023-02-16 08:52:34,"ViedmaB1","63eca29f09a383fcf30aa6b1"
"134","982 126055493177",271.9,2023-02-16 08:52:49,"ViedmaB1","63eca2a109a383fcf30aa6bd"
"135","982 126055493185",270.27,2023-02-16 08:53:16,"ViedmaB1","63eca2a209a383fcf30aa6c2"
"136","982 126055493190",210.75,2023-02-16 08:53:16,"ViedmaB1","63eca2a009a383fcf30aa6b8"
"137","982 126055493178",238.67,2023-02-16 08:56:08,"ViedmaB1","63f336dc1743003b6e081b9a"
"138","982 126055493192",307.8,2023-02-16 08:56:16,"ViedmaB1","63eca29e09a383fcf30aa6ac"
"139","982 126055493185",293.75,2023-02-16 09:02:29,"ViedmaB1","63eca2a209a383fcf30aa6c2"
"140","982 126055493193",299.55,2023-02-16 09:02:29,"ViedmaB1","63eca2a209a383fcf30aa6c0"
"141","982 126055493187",294.09,2023-02-16 09:03:47,"ViedmaB1","63eca29f09a383fcf30aa6b6"
"142","982 126055493179",363.05,2023-02-16 20:40:58,"ViedmaB1","63eca29f09a383fcf30aa6b2"
"143","982 126055493143",354,2023-02-16 20:42:16,"ViedmaB1","63eca2a009a383fcf30aa6b9"
"144","982 126055493525",346.15,2023-02-16 20:43:17,"ViedmaB1","63f336dc1743003b6e081b96"
"145","982 126055493192",254.88,2023-02-16 23:57:02,"ViedmaB1","63eca29e09a383fcf30aa6ac"
"146","982 126055493194",403.15,2023-02-17 02:28:47,"ViedmaB1","63eca29e09a383fcf30aa6ae"
"147","032 010001234771",198.12,2023-02-17 02:28:47,"ViedmaB1","63eca29e09a383fcf30aa6aa"
"148","032 010001234771",269.82,2023-02-17 02:28:47,"ViedmaB1","63eca29e09a383fcf30aa6aa"
"149","982 126055493194",269.82,2023-02-17 02:28:47,"ViedmaB1","63eca29e09a383fcf30aa6ae"
"150","982 126055493178",95.2,2023-02-17 02:28:48,"ViedmaB1","63f336dc1743003b6e081b9a"
"151","982 126055493193",318.33,2023-02-17 02:28:59,"ViedmaB1","63eca2a209a383fcf30aa6c0"
"152","982 126055493190",79.2,2023-02-17 02:30:27,"ViedmaB1","63eca2a009a383fcf30aa6b8"
"153","982 126055493195",107.57,2023-02-17 02:39:53,"ViedmaB1","63eca29e09a383fcf30aa6af"
"154","982 126055493524",146.57,2023-02-17 02:40:46,"ViedmaB1","63eca29f09a383fcf30aa6b3"
"155","982 126055493525",149.29,2023-02-17 02:41:09,"ViedmaB1","63f336dc1743003b6e081b96"
"156","982 126055493185",89.8,2023-02-17 02:41:16,"ViedmaB1","63eca2a209a383fcf30aa6c2"
"157","982 126055493173",87.5,2023-02-17 02:42:10,"ViedmaB1","63f336dd1743003b6e081b9c"
"158","982 126055493189",114.8,2023-02-17 02:44:29,"ViedmaB1","63eca2a209a383fcf30aa6c1"
"159","982 126055493182",265.75,2023-02-17 02:44:44,"ViedmaB1","63eca2a109a383fcf30aa6bf"
"160","982 126055493175",69.43,2023-02-17 02:49:32,"ViedmaB1","63eca29f09a383fcf30aa6b4"
"161","982 126055493191",151.6,2023-02-17 02:55:43,"ViedmaB1","63f336dc1743003b6e081b97"
"162","982 126055493177",146,2023-02-17 02:55:46,"ViedmaB1","63eca2a109a383fcf30aa6bd"
"163","982 126055493187",221.25,2023-02-17 02:55:48,"ViedmaB1","63eca29f09a383fcf30aa6b6"
"164","982 126055493184",108.86,2023-02-17 02:55:52,"ViedmaB1","63f336dd1743003b6e081b9d"
"165","982 126055493183",182,2023-02-17 02:55:58,"ViedmaB1","63f336dc1743003b6e081b98"
"166","982 126055493145",165.79,2023-02-17 02:56:21,"ViedmaB1","63f336dc1743003b6e081b99"
"167","032 010001234771",64.1,2023-02-17 02:56:21,"ViedmaB1","63eca29e09a383fcf30aa6aa"
"168","032 010001234771",240.71,2023-02-17 02:56:46,"ViedmaB1","63eca29e09a383fcf30aa6aa"
"169","982 126055493194",240.74,2023-02-17 02:56:46,"ViedmaB1","63eca29e09a383fcf30aa6ae"
"170","032 010001234771",222.92,2023-02-17 02:56:46,"ViedmaB1","63eca29e09a383fcf30aa6aa"
"171","982 126055493194",233.85,2023-02-17 02:56:46,"ViedmaB1","63eca29e09a383fcf30aa6ae"
"172","032 010001234771",218.56,2023-02-17 02:56:46,"ViedmaB1","63eca29e09a383fcf30aa6aa"
"173","982 126055493194",218.09,2023-02-17 02:56:46,"ViedmaB1","63eca29e09a383fcf30aa6ae"
"174","982 126055493194",236.87,2023-02-17 02:56:46,"ViedmaB1","63eca29e09a383fcf30aa6ae"
"175","982 126055493144",265.75,2023-02-17 02:58:35,"ViedmaB1","63eca2a009a383fcf30aa6b7"
"176","982 126055493174",170.97,2023-02-17 02:58:38,"ViedmaB1","63eca29f09a383fcf30aa6b5"
"177","032 010001234844",0,2023-02-17 02:58:38,"ViedmaB1","63eca29e09a383fcf30aa6ab"
"178","982 126055493174",357.75,2023-02-17 02:58:40,"ViedmaB1","63eca29f09a383fcf30aa6b5"
"179","982 126055493141",71.6,2023-02-17 02:59:05,"ViedmaB1","63eca2a109a383fcf30aa6bb"
"180","982 126055493179",88.5,2023-02-17 02:59:24,"ViedmaB1","63eca29f09a383fcf30aa6b2"
"181","982 126055493181",354.88,2023-02-17 07:42:27,"ViedmaB1","63f336dd1743003b6e081b9b"
"182","982 126055493186",471.92,2023-02-17 09:13:43,"ViedmaB1","63eca29f09a383fcf30aa6b0"
"183","982 126055493192",528.7,2023-02-17 09:13:43,"ViedmaB1","63eca29e09a383fcf30aa6ac"
"184","982 126055493180",350.75,2023-02-17 09:13:43,"ViedmaB1","63f336dd1743003b6e081b9e"
"185","982 126055493194",403.59,2023-02-17 09:13:43,"ViedmaB1","63eca29e09a383fcf30aa6ae"
"186","982 126055493143",360,2023-02-17 09:20:53,"ViedmaB1","63eca2a009a383fcf30aa6b9"
"187","982 126055493172",319.48,2023-02-17 09:21:13,"ViedmaB1","63eca29e09a383fcf30aa6ad"
"188","982 126055493176",346.42,2023-02-17 09:21:13,"ViedmaB1","63eca29f09a383fcf30aa6b1"
"189","982 126055493142",236.83,2023-02-17 09:21:18,"ViedmaB1","63eca2a109a383fcf30aa6bc"
"190","982 126055493140",622.56,2023-02-17 09:21:56,"ViedmaB1","63eca2a109a383fcf30aa6be"
"191","982 126055493179",346.91,2023-02-17 09:22:17,"ViedmaB1","63eca29f09a383fcf30aa6b2"
"192","982 126055493184",363,2023-02-17 10:53:35,"ViedmaB1","63f336dd1743003b6e081b9d"
"193","982 126055493525",264.08,2023-02-17 12:21:05,"ViedmaB1","63f336dc1743003b6e081b96"
"194","982 126055493191",337.18,2023-02-17 12:22:03,"ViedmaB1","63f336dc1743003b6e081b97"
"195","982 126055493174",436.91,2023-02-17 12:22:16,"ViedmaB1","63eca29f09a383fcf30aa6b5"
"196","982 126055493175",443.71,2023-02-17 12:22:16,"ViedmaB1","63eca29f09a383fcf30aa6b4"
"197","982 126055493187",396.57,2023-02-17 12:22:32,"ViedmaB1","63eca29f09a383fcf30aa6b6"
"198","982 126055493186",414.07,2023-02-17 13:54:37,"ViedmaB1","63eca29f09a383fcf30aa6b0"
"199","982 126055493186",417.66,2023-02-17 18:46:15,"ViedmaB1","63eca29f09a383fcf30aa6b0"
"200","032 010001234771",355.54,2023-02-18 02:06:14,"ViedmaB1","63eca29e09a383fcf30aa6aa"
"201","032 010001234771",559.85,2023-02-18 02:06:14,"ViedmaB1","63eca29e09a383fcf30aa6aa"
"202","982 126055493194",267.37,2023-02-18 02:06:14,"ViedmaB1","63eca29e09a383fcf30aa6ae"
"203","032 010001234771",289.77,2023-02-18 02:06:14,"ViedmaB1","63eca29e09a383fcf30aa6aa"
"204","982 126055493144",302.27,2023-02-18 02:06:14,"ViedmaB1","63eca2a009a383fcf30aa6b7"
"205","982 126055493194",364.66,2023-02-18 02:06:14,"ViedmaB1","63eca29e09a383fcf30aa6ae"
"206","982 126055493194",428.03,2023-02-18 02:06:14,"ViedmaB1","63eca29e09a383fcf30aa6ae"
"207","032 010001234771",393.2,2023-02-18 02:06:14,"ViedmaB1","63eca29e09a383fcf30aa6aa"
"208","982 126055493194",303.22,2023-02-18 02:06:14,"ViedmaB1","63eca29e09a383fcf30aa6ae"
"209","982 126055493183",368.68,2023-02-18 02:06:14,"ViedmaB1","63f336dc1743003b6e081b98"
"210","982 126055493191",309.31,2023-02-18 02:06:33,"ViedmaB1","63f336dc1743003b6e081b97"
"211","982 126055493178",207.38,2023-02-18 02:07:38,"ViedmaB1","63f336dc1743003b6e081b9a"
"212","982 126055493524",184.45,2023-02-18 02:07:51,"ViedmaB1","63eca29f09a383fcf30aa6b3"
"213","982 126055493190",209.69,2023-02-18 02:08:11,"ViedmaB1","63eca2a009a383fcf30aa6b8"
"214","982 126055493187",296.14,2023-02-18 07:16:08,"ViedmaB1","63eca29f09a383fcf30aa6b6"
"215","982 126055493179",289.73,2023-02-18 07:16:15,"ViedmaB1","63eca29f09a383fcf30aa6b2"
"216","982 126055493175",251.69,2023-02-18 07:16:59,"ViedmaB1","63eca29f09a383fcf30aa6b4"
"217","982 126055493145",238.2,2023-02-18 07:17:49,"ViedmaB1","63f336dc1743003b6e081b99"
"218","982 126055493192",519.42,2023-02-18 07:18:10,"ViedmaB1","63eca29e09a383fcf30aa6ac"
"219","982 126055493193",528.57,2023-02-18 07:22:50,"ViedmaB1","63eca2a209a383fcf30aa6c0"
"220","982 126055493182",321.49,2023-02-18 07:25:00,"ViedmaB1","63eca2a109a383fcf30aa6bf"
"221","982 126055493177",375.5,2023-02-18 07:55:36,"ViedmaB1","63eca2a109a383fcf30aa6bd"
"222","982 126055493189",426.88,2023-02-18 07:56:04,"ViedmaB1","63eca2a209a383fcf30aa6c1"
"223","982 126055493173",231.36,2023-02-18 08:31:58,"ViedmaB1","63f336dd1743003b6e081b9c"
"224","982 126055493194",353.93,2023-02-18 08:34:45,"ViedmaB1","63eca29e09a383fcf30aa6ae"
"225","982 126055493172",318.5,2023-02-18 08:36:39,"ViedmaB1","63eca29e09a383fcf30aa6ad"
"226","982 126055493140",416.38,2023-02-18 08:36:50,"ViedmaB1","63eca2a109a383fcf30aa6be"
"227","982 126055493181",377.73,2023-02-18 08:48:14,"ViedmaB1","63f336dd1743003b6e081b9b"
"228","982 126055493178",351.82,2023-02-18 09:01:37,"ViedmaB1","63f336dc1743003b6e081b9a"
"229","982 126055493172",291.82,2023-02-18 09:01:44,"ViedmaB1","63eca29e09a383fcf30aa6ad"
"230","982 126055493525",360,2023-02-18 09:02:25,"ViedmaB1","63f336dc1743003b6e081b96"
"231","982 126055493141",348.56,2023-02-18 09:02:51,"ViedmaB1","63eca2a109a383fcf30aa6bb"
"232","982 126055493185",366.8,2023-02-18 09:03:25,"ViedmaB1","63eca2a209a383fcf30aa6c2"
"233","982 126055493524",377.23,2023-02-18 09:16:13,"ViedmaB1","63eca29f09a383fcf30aa6b3"
"234","982 126055493186",419.5,2023-02-18 12:23:54,"ViedmaB1","63eca29f09a383fcf30aa6b0"
"235","982 126055493192",444.92,2023-02-18 12:23:54,"ViedmaB1","63eca29e09a383fcf30aa6ac"
"236","032 010001234771",56.49,2023-02-18 12:23:54,"ViedmaB1","63eca29e09a383fcf30aa6aa"
"237","982 126055493194",56.59,2023-02-18 12:23:54,"ViedmaB1","63eca29e09a383fcf30aa6ae"
"238","982 126055493190",587.25,2023-02-18 12:23:54,"ViedmaB1","63eca2a009a383fcf30aa6b8"
"239","982 126055493183",488.66,2023-02-18 12:23:54,"ViedmaB1","63f336dc1743003b6e081b98"
"240","982 126055493176",611.49,2023-02-18 12:23:54,"ViedmaB1","63eca29f09a383fcf30aa6b1"
"241","982 126055493174",485.12,2023-02-18 12:23:54,"ViedmaB1","63eca29f09a383fcf30aa6b5"
"242","982 126055493182",564.23,2023-02-18 12:23:54,"ViedmaB1","63eca2a109a383fcf30aa6bf"
"243","982 126055493177",630.14,2023-02-18 12:23:54,"ViedmaB1","63eca2a109a383fcf30aa6bd"
"244","982 126055493143",481.12,2023-02-18 12:23:54,"ViedmaB1","63eca2a009a383fcf30aa6b9"
"245","982 126055493180",490.52,2023-02-18 12:23:54,"ViedmaB1","63f336dd1743003b6e081b9e"
"246","982 126055493195",467.72,2023-02-18 12:23:54,"ViedmaB1","63eca29e09a383fcf30aa6af"
"247","982 126055493525",390.35,2023-02-18 12:23:54,"ViedmaB1","63f336dc1743003b6e081b96"
"248","032 010001234771",125.14,2023-02-18 12:23:54,"ViedmaB1","63eca29e09a383fcf30aa6aa"
"249","982 126055493194",77.14,2023-02-18 12:23:54,"ViedmaB1","63eca29e09a383fcf30aa6ae"
"250","032 010001234771",56.64,2023-02-18 12:23:54,"ViedmaB1","63eca29e09a383fcf30aa6aa"
"251","982 126055493194",56.64,2023-02-18 12:23:54,"ViedmaB1","63eca29e09a383fcf30aa6ae"
"252","982 126055493191",421.37,2023-02-18 12:23:54,"ViedmaB1","63f336dc1743003b6e081b97"
"253","032 010001234844",487.05,2023-02-18 12:23:54,"ViedmaB1","63eca29e09a383fcf30aa6ab"
"254","032 010001234844",411.79,2023-02-18 12:23:54,"ViedmaB1","63eca29e09a383fcf30aa6ab"
"255","982 126055493144",600.04,2023-02-18 12:23:54,"ViedmaB1","63eca2a009a383fcf30aa6b7"
"256","982 126055493184",461.64,2023-02-18 12:23:54,"ViedmaB1","63f336dd1743003b6e081b9d"
"257","982 126055493144",740.59,2023-02-18 12:23:54,"ViedmaB1","63eca2a009a383fcf30aa6b7"
"258","982 126055493192",314.58,2023-02-18 23:57:24,"ViedmaB1","63eca29e09a383fcf30aa6ac"
"259","982 126055493193",301.5,2023-02-19 00:09:19,"ViedmaB1","63eca2a209a383fcf30aa6c0"
"260","982 126055493181",406.25,2023-02-19 00:10:39,"ViedmaB1","63f336dd1743003b6e081b9b"
"261","982 126055493175",242.6,2023-02-19 00:11:41,"ViedmaB1","63eca29f09a383fcf30aa6b4"
"262","982 126055493174",328.94,2023-02-19 00:11:50,"ViedmaB1","63eca29f09a383fcf30aa6b5"
"263","982 126055493177",283.37,2023-02-19 00:11:50,"ViedmaB1","63eca2a109a383fcf30aa6bd"
"264","982 126055493180",358.56,2023-02-19 00:12:07,"ViedmaB1","63f336dd1743003b6e081b9e"
"265","982 126055493183",247.43,2023-02-19 00:12:23,"ViedmaB1","63f336dc1743003b6e081b98"
"266","982 126055493187",341.88,2023-02-19 00:14:40,"ViedmaB1","63eca29f09a383fcf30aa6b6"
"267","982 126055493194",303.75,2023-02-19 00:15:33,"ViedmaB1","63eca29e09a383fcf30aa6ae"
"268","982 126055493142",111.88,2023-02-19 01:28:09,"ViedmaB1","63eca2a109a383fcf30aa6bc"
"269","982 126055493185",77,2023-02-19 01:28:29,"ViedmaB1","63eca2a209a383fcf30aa6c2"
"270","982 126055493190",90.4,2023-02-19 01:35:09,"ViedmaB1","63eca2a009a383fcf30aa6b8"
"271","982 126055493140",164.17,2023-02-19 01:37:36,"ViedmaB1","63eca2a109a383fcf30aa6be"
"272","982 126055493182",91,2023-02-19 01:37:41,"ViedmaB1","63eca2a109a383fcf30aa6bf"
"273","982 126055493191",69,2023-02-19 01:37:50,"ViedmaB1","63f336dc1743003b6e081b97"
"274","982 126055493179",183.67,2023-02-19 01:41:44,"ViedmaB1","63eca29f09a383fcf30aa6b2"
"275","982 126055493195",146.5,2023-02-19 01:41:58,"ViedmaB1","63eca29e09a383fcf30aa6af"
"276","982 126055493524",130,2023-02-19 01:42:12,"ViedmaB1","63eca29f09a383fcf30aa6b3"
"277","982 126055493141",286.53,2023-02-19 01:42:14,"ViedmaB1","63eca2a109a383fcf30aa6bb"
"278","982 126055493176",62.82,2023-02-19 01:42:14,"ViedmaB1","63eca29f09a383fcf30aa6b1"
"279","982 126055493174",145.53,2023-02-19 01:42:18,"ViedmaB1","63eca29f09a383fcf30aa6b5"
"280","032 010001234844",0,2023-02-19 01:42:18,"ViedmaB1","63eca29e09a383fcf30aa6ab"
"281","982 126055493174",0,2023-02-19 01:42:18,"ViedmaB1","63eca29f09a383fcf30aa6b5"
"282","982 126055493144",151.86,2023-02-19 01:43:10,"ViedmaB1","63eca2a009a383fcf30aa6b7"
"283","982 126055493186",133.76,2023-02-19 01:49:41,"ViedmaB1","63eca29f09a383fcf30aa6b0"
"284","982 126055493145",90.6,2023-02-19 01:53:50,"ViedmaB1","63f336dc1743003b6e081b99"
"285","982 126055493183",131.75,2023-02-19 02:03:18,"ViedmaB1","63f336dc1743003b6e081b98"
"286","982 126055493184",68,2023-02-19 02:10:36,"ViedmaB1","63f336dd1743003b6e081b9d"
"287","982 126055493178",142.88,2023-02-19 02:22:10,"ViedmaB1","63f336dc1743003b6e081b9a"
"288","982 126055493174",160.2,2023-02-19 04:57:18,"ViedmaB1","63eca29f09a383fcf30aa6b5"
"289","982 126055493525",136.67,2023-02-19 04:57:21,"ViedmaB1","63f336dc1743003b6e081b96"
"290","982 126055493189",85.5,2023-02-19 04:57:24,"ViedmaB1","63eca2a209a383fcf30aa6c1"
"291","982 126055493172",155.86,2023-02-19 07:36:37,"ViedmaB1","63eca29e09a383fcf30aa6ad"
"292","982 126055493192",61.5,2023-02-19 07:36:45,"ViedmaB1","63eca29e09a383fcf30aa6ac"
"293","982 126055493187",166.5,2023-02-19 07:36:46,"ViedmaB1","63eca29f09a383fcf30aa6b6"
"294","982 126055493173",164.01,2023-02-19 07:37:17,"ViedmaB1","63f336dd1743003b6e081b9c"
"295","982 126055493194",163.37,2023-02-19 07:37:17,"ViedmaB1","63eca29e09a383fcf30aa6ae"
"296","982 126055493145",227.05,2023-02-19 08:46:01,"ViedmaB1","63f336dc1743003b6e081b99"
"297","982 126055493189",270.5,2023-02-19 08:46:11,"ViedmaB1","63eca2a209a383fcf30aa6c1"
"298","982 126055493144",344.14,2023-02-19 08:46:15,"ViedmaB1","63eca2a009a383fcf30aa6b7"
"299","982 126055493175",351.5,2023-02-19 08:56:04,"ViedmaB1","63eca29f09a383fcf30aa6b4"
"300","982 126055493178",388.8,2023-02-19 08:57:08,"ViedmaB1","63f336dc1743003b6e081b9a"
"301","982 126055493193",490.43,2023-02-19 09:15:42,"ViedmaB1","63eca2a209a383fcf30aa6c0"
"302","032 010001234771",393.45,2023-02-19 09:16:13,"ViedmaB1","63eca29e09a383fcf30aa6aa"
"303","982 126055493140",0,2023-02-19 09:16:18,"ViedmaB1","63eca2a109a383fcf30aa6be"
"304","982 126055493194",89.57,2023-02-19 09:16:18,"ViedmaB1","63eca29e09a383fcf30aa6ae"
"305","032 010001234771",405.31,2023-02-19 09:17:26,"ViedmaB1","63eca29e09a383fcf30aa6aa"
"306","982 126055493180",398.7,2023-02-19 09:17:26,"ViedmaB1","63f336dd1743003b6e081b9e"
"307","982 126055493194",396.15,2023-02-19 09:17:26,"ViedmaB1","63eca29e09a383fcf30aa6ae"
"308","982 126055493177",320.34,2023-02-19 09:25:42,"ViedmaB1","63eca2a109a383fcf30aa6bd"
"309","982 126055493144",486.45,2023-02-19 09:25:42,"ViedmaB1","63eca2a009a383fcf30aa6b7"
"310","982 126055493172",427.57,2023-02-19 09:26:29,"ViedmaB1","63eca29e09a383fcf30aa6ad"
"311","982 126055493176",476.69,2023-02-19 09:26:47,"ViedmaB1","63eca29f09a383fcf30aa6b1"
"312","982 126055493174",299.37,2023-02-19 09:26:56,"ViedmaB1","63eca29f09a383fcf30aa6b5"
"313","032 010001234844",312.85,2023-02-19 09:26:56,"ViedmaB1","63eca29e09a383fcf30aa6ab"
"314","982 126055493174",322.39,2023-02-19 09:26:56,"ViedmaB1","63eca29f09a383fcf30aa6b5"
"315","982 126055493182",345.21,2023-02-19 09:27:39,"ViedmaB1","63eca2a109a383fcf30aa6bf"
"316","982 126055493524",294.45,2023-02-19 09:48:06,"ViedmaB1","63eca29f09a383fcf30aa6b3"
"317","982 126055493195",331.8,2023-02-19 09:48:13,"ViedmaB1","63eca29e09a383fcf30aa6af"
"318","982 126055493192",436.5,2023-02-19 09:50:48,"ViedmaB1","63eca29e09a383fcf30aa6ac"
"319","982 126055493186",618,2023-02-19 09:51:09,"ViedmaB1","63eca29f09a383fcf30aa6b0"
"320","982 126055493187",258.64,2023-02-19 10:15:17,"ViedmaB1","63eca29f09a383fcf30aa6b6"
"321","982 126055493178",431.24,2023-02-19 10:15:17,"ViedmaB1","63f336dc1743003b6e081b9a"
"322","982 126055493172",288.88,2023-02-19 10:15:17,"ViedmaB1","63eca29e09a383fcf30aa6ad"
"323","032 010001234771",324.44,2023-02-19 10:16:38,"ViedmaB1","63eca29e09a383fcf30aa6aa"
"324","982 126055493194",320.64,2023-02-19 10:16:38,"ViedmaB1","63eca29e09a383fcf30aa6ae"
"325","982 126055493190",304.89,2023-02-19 10:17:24,"ViedmaB1","63eca2a009a383fcf30aa6b8"
"326","982 126055493525",504.71,2023-02-19 10:17:40,"ViedmaB1","63f336dc1743003b6e081b96"
"327","982 126055493175",415.67,2023-02-19 10:17:54,"ViedmaB1","63eca29f09a383fcf30aa6b4"
"328","982 126055493180",411.36,2023-02-19 10:20:51,"ViedmaB1","63f336dd1743003b6e081b9e"
"329","982 126055493184",275.05,2023-02-19 10:26:35,"ViedmaB1","63f336dd1743003b6e081b9d"
"330","982 126055493141",429.75,2023-02-19 10:37:13,"ViedmaB1","63eca2a109a383fcf30aa6bb"
"331","982 126055493142",280.95,2023-02-19 10:37:44,"ViedmaB1","63eca2a109a383fcf30aa6bc"
"332","982 126055493175",293.29,2023-02-19 10:39:56,"ViedmaB1","63eca29f09a383fcf30aa6b4"
"333","982 126055493143",316.82,2023-02-19 10:42:30,"ViedmaB1","63eca2a009a383fcf30aa6b9"
"334","982 126055493184",269.76,2023-02-19 11:29:27,"ViedmaB1","63f336dd1743003b6e081b9d"
"335","982 126055493193",330.11,2023-02-20 00:00:52,"ViedmaB1","63eca2a209a383fcf30aa6c0"
"336","982 126055493140",301.25,2023-02-20 00:02:39,"ViedmaB1","63eca2a109a383fcf30aa6be"
"337","982 126055493185",237.67,2023-02-20 00:03:39,"ViedmaB1","63eca2a209a383fcf30aa6c2"
"338","982 126055493194",235,2023-02-20 00:03:44,"ViedmaB1","63eca29e09a383fcf30aa6ae"
"339","982 126055493179",347.33,2023-02-20 00:03:49,"ViedmaB1","63eca29f09a383fcf30aa6b2"
"340","982 126055493191",352.8,2023-02-20 00:06:12,"ViedmaB1","63f336dc1743003b6e081b97"
"341","982 126055493176",301.43,2023-02-20 00:16:04,"ViedmaB1","63eca29f09a383fcf30aa6b1"
"342","982 126055493183",214.25,2023-02-20 00:16:10,"ViedmaB1","63f336dc1743003b6e081b98"
"343","982 126055493177",423.43,2023-02-20 00:16:26,"ViedmaB1","63eca2a109a383fcf30aa6bd"
"344","982 126055493192",490.2,2023-02-20 00:16:48,"ViedmaB1","63eca29e09a383fcf30aa6ac"
"345","982 126055493190",199.94,2023-02-20 00:17:02,"ViedmaB1","63eca2a009a383fcf30aa6b8"
"346","982 126055493189",245.78,2023-02-20 00:17:50,"ViedmaB1","63eca2a209a383fcf30aa6c1"
"347","982 126055493140",255.23,2023-02-20 00:20:18,"ViedmaB1","63eca2a109a383fcf30aa6be"
"348","982 126055493145",158.32,2023-02-20 00:21:22,"ViedmaB1","63f336dc1743003b6e081b99"
"349","032 010001234771",285.3,2023-02-20 00:21:56,"ViedmaB1","63eca29e09a383fcf30aa6aa"
"350","032 010001234771",263.48,2023-02-20 00:21:56,"ViedmaB1","63eca29e09a383fcf30aa6aa"
"351","032 010001234771",353.12,2023-02-20 00:21:56,"ViedmaB1","63eca29e09a383fcf30aa6aa"
"352","982 126055493194",282.61,2023-02-20 00:21:56,"ViedmaB1","63eca29e09a383fcf30aa6ae"
"353","982 126055493194",287.79,2023-02-20 00:21:56,"ViedmaB1","63eca29e09a383fcf30aa6ae"
"354","982 126055493194",279,2023-02-20 00:21:56,"ViedmaB1","63eca29e09a383fcf30aa6ae"
"355","032 010001234771",278.06,2023-02-20 00:21:56,"ViedmaB1","63eca29e09a383fcf30aa6aa"
"356","982 126055493194",277.35,2023-02-20 00:21:56,"ViedmaB1","63eca29e09a383fcf30aa6ae"
"357","982 126055493172",150.83,2023-02-20 00:23:17,"ViedmaB1","63eca29e09a383fcf30aa6ad"
"358","032 010001234771",226.11,2023-02-20 00:23:17,"ViedmaB1","63eca29e09a383fcf30aa6aa"
"359","982 126055493172",224.24,2023-02-20 00:23:17,"ViedmaB1","63eca29e09a383fcf30aa6ad"
"360","032 010001234771",219.8,2023-02-20 00:23:17,"ViedmaB1","63eca29e09a383fcf30aa6aa"
"361","982 126055493172",220.1,2023-02-20 00:23:17,"ViedmaB1","63eca29e09a383fcf30aa6ad"
"362","982 126055493194",298.7,2023-02-20 00:23:22,"ViedmaB1","63eca29e09a383fcf30aa6ae"
"363","982 126055493187",284.33,2023-02-20 00:23:26,"ViedmaB1","63eca29f09a383fcf30aa6b6"
"364","982 126055493186",306.69,2023-02-20 00:23:42,"ViedmaB1","63eca29f09a383fcf30aa6b0"
"365","982 126055493178",202.06,2023-02-20 00:26:21,"ViedmaB1","63f336dc1743003b6e081b9a"
"366","982 126055493181",289.56,2023-02-20 00:26:33,"ViedmaB1","63f336dd1743003b6e081b9b"
"367","982 126055493173",220.65,2023-02-20 00:26:51,"ViedmaB1","63f336dd1743003b6e081b9c"
"368","982 126055493141",329.57,2023-02-20 00:27:56,"ViedmaB1","63eca2a109a383fcf30aa6bb"
"369","982 126055493143",174.25,2023-02-20 00:29:58,"ViedmaB1","63eca2a009a383fcf30aa6b9"
"370","982 126055493195",566.87,2023-02-20 07:29:43,"ViedmaB1","63eca29e09a383fcf30aa6af"
"371","982 126055493174",1071.18,2023-02-20 07:29:43,"ViedmaB1","63eca29f09a383fcf30aa6b5"
"372","982 126055493182",1010.26,2023-02-20 07:29:43,"ViedmaB1","63eca2a109a383fcf30aa6bf"
"373","982 126055493524",988.84,2023-02-20 07:29:43,"ViedmaB1","63eca29f09a383fcf30aa6b3"
"374","982 126055493525",995.42,2023-02-20 07:29:43,"ViedmaB1","63f336dc1743003b6e081b96"
"375","982 126055493193",1094.6,2023-02-20 07:29:43,"ViedmaB1","63eca2a209a383fcf30aa6c0"
"376","982 126055493142",1050.66,2023-02-20 07:29:43,"ViedmaB1","63eca2a109a383fcf30aa6bc"
"377","982 126055493144",1188.23,2023-02-20 07:29:43,"ViedmaB1","63eca2a009a383fcf30aa6b7"
"378","982 126055493175",931.73,2023-02-20 07:29:43,"ViedmaB1","63eca29f09a383fcf30aa6b4"
"379","982 126055493180",1058.95,2023-02-20 07:29:43,"ViedmaB1","63f336dd1743003b6e081b9e"
"380","982 126055493184",955.52,2023-02-20 07:29:43,"ViedmaB1","63f336dd1743003b6e081b9d"
"381","982 126055493192",570,2023-02-21 01:50:34,"ViedmaB1","63eca29e09a383fcf30aa6ac"
"382","982 126055493191",384.8,2023-02-21 01:51:33,"ViedmaB1","63f336dc1743003b6e081b97"
"383","982 126055493180",531.67,2023-02-21 01:53:46,"ViedmaB1","63f336dd1743003b6e081b9e"
"384","982 126055493185",364.2,2023-02-21 01:53:52,"ViedmaB1","63eca2a209a383fcf30aa6c2"
"385","982 126055493193",513.13,2023-02-21 01:54:05,"ViedmaB1","63eca2a209a383fcf30aa6c0"
"386","982 126055493194",372.9,2023-02-21 01:56:35,"ViedmaB1","63eca29e09a383fcf30aa6ae"
"387","982 126055493186",752.17,2023-02-21 01:56:46,"ViedmaB1","63eca29f09a383fcf30aa6b0"
"388","982 126055493525",357.53,2023-02-21 01:56:59,"ViedmaB1","63f336dc1743003b6e081b96"
"389","982 126055493183",417.73,2023-02-21 02:00:07,"ViedmaB1","63f336dc1743003b6e081b98"
"390","982 126055493190",429.53,2023-02-21 02:01:24,"ViedmaB1","63eca2a009a383fcf30aa6b8"
"391","982 126055493178",404.18,2023-02-21 02:02:15,"ViedmaB1","63f336dc1743003b6e081b9a"
"392","982 126055493175",397.58,2023-02-21 02:44:31,"ViedmaB1","63eca29f09a383fcf30aa6b4"
"393","982 126055493187",387.12,2023-02-21 02:48:57,"ViedmaB1","63eca29f09a383fcf30aa6b6"
"394","982 126055493195",465.2,2023-02-21 02:49:37,"ViedmaB1","63eca29e09a383fcf30aa6af"
"395","982 126055493176",490.38,2023-02-21 02:50:05,"ViedmaB1","63eca29f09a383fcf30aa6b1"
"396","982 126055493189",484.69,2023-02-21 02:50:36,"ViedmaB1","63eca2a209a383fcf30aa6c1"
"397","982 126055493145",321.65,2023-02-21 02:51:07,"ViedmaB1","63f336dc1743003b6e081b99"
"398","982 126055493524",413.35,2023-02-21 02:51:26,"ViedmaB1","63eca29f09a383fcf30aa6b3"
"399","982 126055493143",390,2023-02-21 02:51:40,"ViedmaB1","63eca2a009a383fcf30aa6b9"
"400","982 126055493140",422.67,2023-02-21 02:51:46,"ViedmaB1","63eca2a109a383fcf30aa6be"
"401","982 126055493142",442.67,2023-02-21 02:51:56,"ViedmaB1","63eca2a109a383fcf30aa6bc"
"402","982 126055493174",449.73,2023-02-21 02:51:56,"ViedmaB1","63eca29f09a383fcf30aa6b5"
"403","982 126055493179",446.69,2023-02-21 02:55:30,"ViedmaB1","63eca29f09a383fcf30aa6b2"
"404","982 126055493177",449.11,2023-02-21 02:56:09,"ViedmaB1","63eca2a109a383fcf30aa6bd"
"405","982 126055493172",345.77,2023-02-21 02:59:12,"ViedmaB1","63eca29e09a383fcf30aa6ad"
"406","982 126055493182",476,2023-02-21 03:00:25,"ViedmaB1","63eca2a109a383fcf30aa6bf"
"407","982 126055493144",679.92,2023-02-21 03:11:54,"ViedmaB1","63eca2a009a383fcf30aa6b7"
"408","982 126055493141",415.67,2023-02-21 03:12:10,"ViedmaB1","63eca2a109a383fcf30aa6bb"
"409","982 126055493181",429.48,2023-02-21 03:12:24,"ViedmaB1","63f336dd1743003b6e081b9b"
"410","982 126055493173",364.77,2023-02-21 03:12:45,"ViedmaB1","63f336dd1743003b6e081b9c"
"411","982 126055493184",358.2,2023-02-21 03:17:29,"ViedmaB1","63f336dd1743003b6e081b9d"
"412","982 126055493172",395.88,2023-02-21 09:01:40,"ViedmaB1","63eca29e09a383fcf30aa6ad"
"413","982 126055493194",377.69,2023-02-21 09:04:40,"ViedmaB1","63eca29e09a383fcf30aa6ae"
"414","982 126055493180",604.25,2023-02-21 09:06:29,"ViedmaB1","63f336dd1743003b6e081b9e"
"415","982 126055493142",449.43,2023-02-21 09:08:11,"ViedmaB1","63eca2a109a383fcf30aa6bc"
"416","982 126055493185",485.13,2023-02-21 09:08:11,"ViedmaB1","63eca2a209a383fcf30aa6c2"
"417","982 126055493187",463.06,2023-02-21 09:09:18,"ViedmaB1","63eca29f09a383fcf30aa6b6"
"418","982 126055493173",348.83,2023-02-21 09:10:23,"ViedmaB1","63f336dd1743003b6e081b9c"
"419","982 126055493178",357.34,2023-02-21 09:12:28,"ViedmaB1","63f336dc1743003b6e081b9a"
"420","982 126055493190",438.17,2023-02-21 09:28:15,"ViedmaB1","63eca2a009a383fcf30aa6b8"
"421","982 126055493177",510.3,2023-02-21 09:31:14,"ViedmaB1","63eca2a109a383fcf30aa6bd"
"422","982 126055493179",485.31,2023-02-21 09:31:23,"ViedmaB1","63eca29f09a383fcf30aa6b2"
"423","982 126055493193",643.58,2023-02-21 09:38:19,"ViedmaB1","63eca2a209a383fcf30aa6c0"
"424","982 126055493140",297.37,2023-02-21 09:38:53,"ViedmaB1","63eca2a109a383fcf30aa6be"
"425","982 126055493145",221.75,2023-02-21 09:38:53,"ViedmaB1","63f336dc1743003b6e081b99"
"426","982 126055493192",104.03,2023-02-21 09:38:53,"ViedmaB1","63eca29e09a383fcf30aa6ac"
"427","982 126055493524",422.36,2023-02-21 09:43:32,"ViedmaB1","63eca29f09a383fcf30aa6b3"
"428","982 126055493186",416.99,2023-02-21 09:45:18,"ViedmaB1","63eca29f09a383fcf30aa6b0"
"429","982 126055493182",607.89,2023-02-21 09:45:18,"ViedmaB1","63eca2a109a383fcf30aa6bf"
"430","982 126055493143",376.89,2023-02-21 09:46:17,"ViedmaB1","63eca2a009a383fcf30aa6b9"
"431","982 126055493195",458.25,2023-02-21 09:53:35,"ViedmaB1","63eca29e09a383fcf30aa6af"
"432","982 126055493525",599.78,2023-02-21 11:27:39,"ViedmaB1","63f336dc1743003b6e081b96"
"433","982 126055493176",399.41,2023-02-21 11:27:39,"ViedmaB1","63eca29f09a383fcf30aa6b1"
"434","982 126055493144",777.45,2023-02-21 12:55:37,"ViedmaB1","63eca2a009a383fcf30aa6b7"
"435","982 126055493184",500.3,2023-02-21 13:00:27,"ViedmaB1","63f336dd1743003b6e081b9d"
"436","982 126055493175",574.17,2023-02-21 14:25:13,"ViedmaB1","63eca29f09a383fcf30aa6b4"
"437","982 126055493183",486.31,2023-02-21 14:40:15,"ViedmaB1","63f336dc1743003b6e081b98"
"438","032 010001234771",498.22,2023-02-21 15:07:15,"ViedmaB1","63eca29e09a383fcf30aa6aa"
"439","982 126055493194",556.7,2023-02-21 15:07:15,"ViedmaB1","63eca29e09a383fcf30aa6ae"
"440","982 126055493189",590,2023-02-21 15:11:50,"ViedmaB1","63eca2a209a383fcf30aa6c1"
"441","982 126055493180",436.59,2023-02-21 15:13:12,"ViedmaB1","63f336dd1743003b6e081b9e"
"442","982 126055493144",593.89,2023-02-21 15:14:00,"ViedmaB1","63eca2a009a383fcf30aa6b7"
"443","982 126055493174",614.69,2023-02-21 15:18:08,"ViedmaB1","63eca29f09a383fcf30aa6b5"
"444","982 126055493178",366.47,2023-02-22 00:15:50,"ViedmaB1","63f336dc1743003b6e081b9a"
"445","032 010001234771",470.39,2023-02-22 00:15:50,"ViedmaB1","63eca29e09a383fcf30aa6aa"
"446","982 126055493194",468.03,2023-02-22 00:15:50,"ViedmaB1","63eca29e09a383fcf30aa6ae"
"447","982 126055493193",499.78,2023-02-22 00:15:54,"ViedmaB1","63eca2a209a383fcf30aa6c0"
"448","982 126055493142",381.33,2023-02-22 00:39:29,"ViedmaB1","63eca2a109a383fcf30aa6bc"
"449","982 126055493185",374.6,2023-02-22 00:39:36,"ViedmaB1","63eca2a209a383fcf30aa6c2"
"450","982 126055493179",457.73,2023-02-22 00:42:12,"ViedmaB1","63eca29f09a383fcf30aa6b2"
"451","982 126055493195",440.43,2023-02-22 00:43:43,"ViedmaB1","63eca29e09a383fcf30aa6af"
"452","982 126055493194",519.76,2023-02-22 00:44:28,"ViedmaB1","63eca29e09a383fcf30aa6ae"
"453","032 010001234771",522.1,2023-02-22 00:44:28,"ViedmaB1","63eca29e09a383fcf30aa6aa"
"454","982 126055493194",351.89,2023-02-22 00:44:28,"ViedmaB1","63eca29e09a383fcf30aa6ae"
"455","982 126055493192",529.89,2023-02-22 00:44:45,"ViedmaB1","63eca29e09a383fcf30aa6ac"
"456","982 126055493180",574.29,2023-02-22 00:46:04,"ViedmaB1","63f336dd1743003b6e081b9e"
"457","982 126055493144",565.82,2023-02-22 00:46:28,"ViedmaB1","63eca2a009a383fcf30aa6b7"
"458","982 126055493184",365.07,2023-02-22 00:47:00,"ViedmaB1","63f336dd1743003b6e081b9d"
"459","982 126055493140",600.88,2023-02-22 00:47:12,"ViedmaB1","63eca2a109a383fcf30aa6be"
"460","982 126055493181",468.89,2023-02-22 00:47:12,"ViedmaB1","63f336dd1743003b6e081b9b"
"461","982 126055493182",0,2023-02-22 00:47:12,"ViedmaB1","63eca2a109a383fcf30aa6bf"
"462","982 126055493191",392.83,2023-02-22 00:47:20,"ViedmaB1","63f336dc1743003b6e081b97"
"463","982 126055493172",356.08,2023-02-22 00:47:30,"ViedmaB1","63eca29e09a383fcf30aa6ad"
"464","982 126055493174",420.88,2023-02-22 00:47:39,"ViedmaB1","63eca29f09a383fcf30aa6b5"
"465","982 126055493173",359.1,2023-02-22 00:47:49,"ViedmaB1","63f336dd1743003b6e081b9c"
"466","982 126055493190",489.55,2023-02-22 00:47:57,"ViedmaB1","63eca2a009a383fcf30aa6b8"
"467","982 126055493525",412.4,2023-02-22 00:48:28,"ViedmaB1","63f336dc1743003b6e081b96"
"468","982 126055493141",429.91,2023-02-22 00:48:42,"ViedmaB1","63eca2a109a383fcf30aa6bb"
"469","982 126055493175",398.21,2023-02-22 00:54:39,"ViedmaB1","63eca29f09a383fcf30aa6b4"
"470","982 126055493187",466.16,2023-02-22 00:54:39,"ViedmaB1","63eca29f09a383fcf30aa6b6"
"471","982 126055493524",400.33,2023-02-22 00:54:45,"ViedmaB1","63eca29f09a383fcf30aa6b3"
"472","982 126055493145",322.73,2023-02-22 00:54:58,"ViedmaB1","63f336dc1743003b6e081b99"
"473","982 126055493186",435.84,2023-02-22 00:55:09,"ViedmaB1","63eca29f09a383fcf30aa6b0"
"474","982 126055493177",430.73,2023-02-22 00:55:09,"ViedmaB1","63eca2a109a383fcf30aa6bd"
"475","982 126055493176",550.88,2023-02-22 00:55:18,"ViedmaB1","63eca29f09a383fcf30aa6b1"
"476","982 126055493189",492.9,2023-02-22 00:56:09,"ViedmaB1","63eca2a209a383fcf30aa6c1"
"477","982 126055493143",475.5,2023-02-22 00:56:15,"ViedmaB1","63eca2a009a383fcf30aa6b9"
"478","982 126055493183",523,2023-02-22 00:58:01,"ViedmaB1","63f336dc1743003b6e081b98"
"479","982 126055493193",457.33,2023-02-22 01:06:50,"ViedmaB1","63eca2a209a383fcf30aa6c0"
"480","982 126055493178",318.42,2023-02-22 01:58:15,"ViedmaB1","63f336dc1743003b6e081b9a"
"481","982 126055493524",377.58,2023-02-22 08:34:13,"ViedmaB1","63eca29f09a383fcf30aa6b3"
"482","982 126055493190",742.44,2023-02-22 08:34:18,"ViedmaB1","63eca2a009a383fcf30aa6b8"
"483","032 010001234771",393.35,2023-02-22 08:35:30,"ViedmaB1","63eca29e09a383fcf30aa6aa"
"484","982 126055493194",480.81,2023-02-22 08:35:30,"ViedmaB1","63eca29e09a383fcf30aa6ae"
"485","982 126055493173",322,2023-02-22 08:39:46,"ViedmaB1","63f336dd1743003b6e081b9c"
"486","982 126055493177",500.09,2023-02-22 09:25:02,"ViedmaB1","63eca2a109a383fcf30aa6bd"
"487","982 126055493140",501.25,2023-02-22 09:25:33,"ViedmaB1","63eca2a109a383fcf30aa6be"
"488","982 126055493189",502.62,2023-02-22 09:28:44,"ViedmaB1","63eca2a209a383fcf30aa6c1"
"489","982 126055493191",476.38,2023-02-22 09:28:58,"ViedmaB1","63f336dc1743003b6e081b97"
"490","982 126055493187",420.88,2023-02-22 09:29:27,"ViedmaB1","63eca29f09a383fcf30aa6b6"
"491","982 126055493175",391.71,2023-02-22 09:29:51,"ViedmaB1","63eca29f09a383fcf30aa6b4"
"492","982 126055493172",450.27,2023-02-22 09:31:16,"ViedmaB1","63eca29e09a383fcf30aa6ad"
"493","982 126055493186",449.13,2023-02-22 09:33:59,"ViedmaB1","63eca29f09a383fcf30aa6b0"
"494","982 126055493180",462.2,2023-02-22 09:41:09,"ViedmaB1","63f336dd1743003b6e081b9e"
"495","982 126055493192",661.01,2023-02-22 09:41:09,"ViedmaB1","63eca29e09a383fcf30aa6ac"
"496","982 126055493142",462.08,2023-02-22 09:41:21,"ViedmaB1","63eca2a109a383fcf30aa6bc"
"497","982 126055493176",611.38,2023-02-22 10:03:20,"ViedmaB1","63eca29f09a383fcf30aa6b1"
"498","982 126055493187",453.12,2023-02-22 10:08:37,"ViedmaB1","63eca29f09a383fcf30aa6b6"
"499","982 126055493195",561,2023-02-22 10:57:21,"ViedmaB1","63eca29e09a383fcf30aa6af"
"500","982 126055493194",442.3,2023-02-22 10:57:28,"ViedmaB1","63eca29e09a383fcf30aa6ae"
"501","982 126055493524",426.31,2023-02-22 11:06:03,"ViedmaB1","63eca29f09a383fcf30aa6b3"
"502","982 126055493192",674.24,2023-02-22 11:12:03,"ViedmaB1","63eca29e09a383fcf30aa6ac"
"503","982 126055493145",453.94,2023-02-22 13:12:33,"ViedmaB1","63f336dc1743003b6e081b99"
"504","982 126055493143",411.13,2023-02-22 13:16:32,"ViedmaB1","63eca2a009a383fcf30aa6b9"
"505","982 126055493183",458.59,2023-02-22 13:32:41,"ViedmaB1","63f336dc1743003b6e081b98"
"506","982 126055493173",553.2,2023-02-22 13:35:35,"ViedmaB1","63f336dd1743003b6e081b9c"
"507","982 126055493525",515.07,2023-02-22 13:37:47,"ViedmaB1","63f336dc1743003b6e081b96"
"508","982 126055493184",330.77,2023-02-22 22:42:00,"ViedmaB1","63f336dd1743003b6e081b9d"
"509","982 126055493185",330.44,2023-02-22 22:43:51,"ViedmaB1","63eca2a209a383fcf30aa6c2"
"510","982 126055493190",380.73,2023-02-22 22:44:35,"ViedmaB1","63eca2a009a383fcf30aa6b8"
"511","982 126055493193",848.85,2023-02-22 22:47:49,"ViedmaB1","63eca2a209a383fcf30aa6c0"
"512","982 126055493181",344.43,2023-02-22 23:09:34,"ViedmaB1","63f336dd1743003b6e081b9b"
"513","982 126055493524",429.44,2023-02-24 03:02:10,"ViedmaB1","63eca29f09a383fcf30aa6b3"
"514","982 126055493190",334.44,2023-02-24 03:02:21,"ViedmaB1","63eca2a009a383fcf30aa6b8"
"515","982 126055493140",618.17,2023-02-24 03:03:52,"ViedmaB1","63eca2a109a383fcf30aa6be"
"516","982 126055493180",486.85,2023-02-24 03:05:57,"ViedmaB1","63f336dd1743003b6e081b9e"
"517","982 126055493178",463.95,2023-02-24 03:05:57,"ViedmaB1","63f336dc1743003b6e081b9a"
"518","982 126055493187",410.89,2023-02-24 03:06:03,"ViedmaB1","63eca29f09a383fcf30aa6b6"
"519","982 126055493189",506,2023-02-24 03:08:19,"ViedmaB1","63eca2a209a383fcf30aa6c1"
"520","982 126055493179",428.5,2023-02-24 03:08:24,"ViedmaB1","63eca29f09a383fcf30aa6b2"
"521","982 126055493143",377.64,2023-02-24 03:08:28,"ViedmaB1","63eca2a009a383fcf30aa6b9"
"522","982 126055493192",514.69,2023-02-24 03:20:33,"ViedmaB1","63eca29e09a383fcf30aa6ac"
"523","982 126055493175",615.5,2023-02-24 03:20:41,"ViedmaB1","63eca29f09a383fcf30aa6b4"
"524","982 126055493186",518.8,2023-02-24 03:25:31,"ViedmaB1","63eca29f09a383fcf30aa6b0"
"525","982 126055493173",336.82,2023-02-24 09:18:51,"ViedmaB1","63f336dd1743003b6e081b9c"
"526","982 126055493191",480,2023-02-24 09:21:07,"ViedmaB1","63f336dc1743003b6e081b97"
"527","982 126055493145",367.73,2023-02-24 09:21:19,"ViedmaB1","63f336dc1743003b6e081b99"
"528","982 126055493140",558,2023-02-24 09:21:35,"ViedmaB1","63eca2a109a383fcf30aa6be"
"529","982 126055493180",411.12,2023-02-24 09:31:13,"ViedmaB1","63f336dd1743003b6e081b9e"
"530","982 126055493193",416.96,2023-02-24 09:32:54,"ViedmaB1","63eca2a209a383fcf30aa6c0"
"531","982 126055493175",407.83,2023-02-24 09:33:29,"ViedmaB1","63eca29f09a383fcf30aa6b4"
"532","982 126055493182",623.69,2023-02-24 09:34:35,"ViedmaB1","63eca2a109a383fcf30aa6bf"
"533","982 126055493142",446.52,2023-02-24 09:37:04,"ViedmaB1","63eca2a109a383fcf30aa6bc"
"534","982 126055493195",280.22,2023-02-24 09:37:04,"ViedmaB1","63eca29e09a383fcf30aa6af"
"535","982 126055493194",455.58,2023-02-24 09:37:19,"ViedmaB1","63eca29e09a383fcf30aa6ae"
"536","982 126055493185",636,2023-02-24 09:38:19,"ViedmaB1","63eca2a209a383fcf30aa6c2"
"537","982 126055493177",505.49,2023-02-24 09:40:45,"ViedmaB1","63eca2a109a383fcf30aa6bd"
"538","982 126055493141",642.67,2023-02-24 09:41:05,"ViedmaB1","63eca2a109a383fcf30aa6bb"
"539","982 126055493190",500.25,2023-02-24 09:41:27,"ViedmaB1","63eca2a009a383fcf30aa6b8"
"540","982 126055493140",0,2023-02-24 09:42:50,"ViedmaB1","63eca2a109a383fcf30aa6be"
"541","982 126055493173",126.01,2023-02-24 09:42:50,"ViedmaB1","63f336dd1743003b6e081b9c"
"542","982 126055493187",510.81,2023-02-24 09:42:50,"ViedmaB1","63eca29f09a383fcf30aa6b6"
"543","982 126055493144",613.3,2023-02-24 09:43:11,"ViedmaB1","63eca2a009a383fcf30aa6b7"
"544","982 126055493525",461.64,2023-02-24 09:44:21,"ViedmaB1","63f336dc1743003b6e081b96"
"545","982 126055493186",587.77,2023-02-24 09:46:18,"ViedmaB1","63eca29f09a383fcf30aa6b0"
"546","982 126055493143",308.74,2023-02-24 09:49:09,"ViedmaB1","63eca2a009a383fcf30aa6b9"
"547","982 126055493524",306.69,2023-02-24 09:49:09,"ViedmaB1","63eca29f09a383fcf30aa6b3"
"548","982 126055493176",524.74,2023-02-24 09:51:42,"ViedmaB1","63eca29f09a383fcf30aa6b1"
"549","982 126055493192",548.91,2023-02-24 09:51:42,"ViedmaB1","63eca29e09a383fcf30aa6ac"
"550","982 126055493176",559.83,2023-02-24 09:51:42,"ViedmaB1","63eca29f09a383fcf30aa6b1"
"551","982 126055493192",602.4,2023-02-24 09:51:42,"ViedmaB1","63eca29e09a383fcf30aa6ac"
"552","982 126055493189",483.35,2023-02-24 09:52:21,"ViedmaB1","63eca2a209a383fcf30aa6c1"
"553","982 126055493172",445.96,2023-02-24 09:57:28,"ViedmaB1","63eca29e09a383fcf30aa6ad"
"554","982 126055493183",526.46,2023-02-24 13:23:56,"ViedmaB1","63f336dc1743003b6e081b98"
"555","982 126055493181",422.41,2023-02-24 13:45:47,"ViedmaB1","63f336dd1743003b6e081b9b"
"556","982 126055493174",571.6,2023-02-24 15:52:43,"ViedmaB1","63eca29f09a383fcf30aa6b5"
"557","982 126055493178",543.09,2023-02-24 15:57:30,"ViedmaB1","63f336dc1743003b6e081b9a"
"558","982 126055493141",324.78,2023-02-25 04:12:29,"ViedmaB1","63eca2a109a383fcf30aa6bb"
"559","982 126055493175",372.96,2023-02-25 09:22:45,"ViedmaB1","63eca29f09a383fcf30aa6b4"
"560","982 126055493524",423,2023-02-25 09:22:55,"ViedmaB1","63eca29f09a383fcf30aa6b3"
"561","982 126055493173",406.18,2023-02-25 09:23:03,"ViedmaB1","63f336dd1743003b6e081b9c"
"562","982 126055493193",542.52,2023-02-25 09:24:32,"ViedmaB1","63eca2a209a383fcf30aa6c0"
"563","982 126055493176",455.55,2023-02-25 09:24:59,"ViedmaB1","63eca29f09a383fcf30aa6b1"
"564","982 126055493143",428.14,2023-02-25 09:25:05,"ViedmaB1","63eca2a009a383fcf30aa6b9"
"565","982 126055493182",446.27,2023-02-25 09:26:51,"ViedmaB1","63eca2a109a383fcf30aa6bf"
"566","032 010001234771",482.44,2023-02-25 09:29:09,"ViedmaB1","63eca29e09a383fcf30aa6aa"
"567","982 126055493194",557.69,2023-02-25 09:29:09,"ViedmaB1","63eca29e09a383fcf30aa6ae"
"568","032 010001234771",570.84,2023-02-25 09:29:09,"ViedmaB1","63eca29e09a383fcf30aa6aa"
"569","982 126055493194",576.1,2023-02-25 09:29:09,"ViedmaB1","63eca29e09a383fcf30aa6ae"
"570","032 010001234771",550.92,2023-02-25 09:29:09,"ViedmaB1","63eca29e09a383fcf30aa6aa"
"571","982 126055493194",550.27,2023-02-25 09:29:09,"ViedmaB1","63eca29e09a383fcf30aa6ae"
"572","982 126055493194",532.82,2023-02-25 09:29:09,"ViedmaB1","63eca29e09a383fcf30aa6ae"
"573","032 010001234771",549.34,2023-02-25 09:29:09,"ViedmaB1","63eca29e09a383fcf30aa6aa"
"574","982 126055493194",548.97,2023-02-25 09:29:09,"ViedmaB1","63eca29e09a383fcf30aa6ae"
"575","032 010001234771",578.59,2023-02-25 09:29:09,"ViedmaB1","63eca29e09a383fcf30aa6aa"
"576","982 126055493194",576.2,2023-02-25 09:29:09,"ViedmaB1","63eca29e09a383fcf30aa6ae"
"577","032 010001234771",513.68,2023-02-25 09:29:09,"ViedmaB1","63eca29e09a383fcf30aa6aa"
"578","032 010001234771",528.67,2023-02-25 09:29:09,"ViedmaB1","63eca29e09a383fcf30aa6aa"
"579","982 126055493194",536.25,2023-02-25 09:29:09,"ViedmaB1","63eca29e09a383fcf30aa6ae"
"580","032 010001234771",569.32,2023-02-25 09:29:09,"ViedmaB1","63eca29e09a383fcf30aa6aa"
"581","982 126055493194",571.25,2023-02-25 09:29:09,"ViedmaB1","63eca29e09a383fcf30aa6ae"
"582","032 010001234771",542,2023-02-25 09:29:09,"ViedmaB1","63eca29e09a383fcf30aa6aa"
"583","032 010001234771",528.01,2023-02-25 09:29:09,"ViedmaB1","63eca29e09a383fcf30aa6aa"
"584","982 126055493194",567.91,2023-02-25 09:29:09,"ViedmaB1","63eca29e09a383fcf30aa6ae"
"585","032 010001234771",561.88,2023-02-25 09:29:09,"ViedmaB1","63eca29e09a383fcf30aa6aa"
"586","982 126055493194",562.93,2023-02-25 09:29:09,"ViedmaB1","63eca29e09a383fcf30aa6ae"
"587","982 126055493142",520.16,2023-02-25 09:32:50,"ViedmaB1","63eca2a109a383fcf30aa6bc"
"588","982 126055493525",396.65,2023-02-25 09:40:02,"ViedmaB1","63f336dc1743003b6e081b96"
"589","982 126055493187",486.9,2023-02-25 09:40:02,"ViedmaB1","63eca29f09a383fcf30aa6b6"
"590","982 126055493183",421.31,2023-02-25 09:41:11,"ViedmaB1","63f336dc1743003b6e081b98"
"591","982 126055493177",305.19,2023-02-25 09:41:11,"ViedmaB1","63eca2a109a383fcf30aa6bd"
"592","982 126055493140",267.83,2023-02-25 09:41:11,"ViedmaB1","63eca2a109a383fcf30aa6be"
"593","982 126055493180",268.83,2023-02-25 09:41:11,"ViedmaB1","63f336dd1743003b6e081b9e"
"594","982 126055493145",248.73,2023-02-25 09:41:11,"ViedmaB1","63f336dc1743003b6e081b99"
"595","982 126055493174",275.12,2023-02-25 09:43:53,"ViedmaB1","63eca29f09a383fcf30aa6b5"
"596","982 126055493172",274.39,2023-02-25 09:43:53,"ViedmaB1","63eca29e09a383fcf30aa6ad"
"597","982 126055493185",273.8,2023-02-25 09:43:53,"ViedmaB1","63eca2a209a383fcf30aa6c2"
"598","982 126055493179",423.07,2023-02-25 09:44:47,"ViedmaB1","63eca29f09a383fcf30aa6b2"
"599","982 126055493181",740.83,2023-02-25 09:46:56,"ViedmaB1","63f336dd1743003b6e081b9b"
"600","982 126055493195",537.73,2023-02-25 10:01:24,"ViedmaB1","63eca29e09a383fcf30aa6af"
"601","982 126055493192",648.55,2023-02-25 10:12:35,"ViedmaB1","63eca29e09a383fcf30aa6ac"
"602","982 126055493186",598.7,2023-02-25 10:17:14,"ViedmaB1","63eca29f09a383fcf30aa6b0"
"603","982 126055493178",439.2,2023-02-25 11:26:00,"ViedmaB1","63f336dc1743003b6e081b9a"
"604","982 126055493141",264.53,2023-02-25 11:26:04,"ViedmaB1","63eca2a109a383fcf30aa6bb"
"605","982 126055493190",454.73,2023-02-25 11:29:53,"ViedmaB1","63eca2a009a383fcf30aa6b8"
"606","982 126055493189",528.27,2023-02-25 13:07:52,"ViedmaB1","63eca2a209a383fcf30aa6c1"
"607","982 126055493178",452.04,2023-02-25 13:38:55,"ViedmaB1","63f336dc1743003b6e081b9a"
"608","982 126055493144",506.25,2023-02-25 14:33:19,"ViedmaB1","63eca2a009a383fcf30aa6b7"
"609","982 126055493191",385.79,2023-02-25 14:43:53,"ViedmaB1","63f336dc1743003b6e081b97"
"610","982 126055493184",329.83,2023-02-25 15:53:07,"ViedmaB1","63f336dd1743003b6e081b9d"
"611","982 126055493179",533,2023-02-26 02:12:28,"ViedmaB1","63eca29f09a383fcf30aa6b2"
"612","982 126055493194",393,2023-02-26 02:12:34,"ViedmaB1","63eca29e09a383fcf30aa6ae"
"613","982 126055493145",357.6,2023-02-26 02:12:41,"ViedmaB1","63f336dc1743003b6e081b99"
"614","982 126055493191",445.51,2023-02-26 02:12:41,"ViedmaB1","63f336dc1743003b6e081b97"
"615","982 126055493181",412.75,2023-02-26 02:13:18,"ViedmaB1","63f336dd1743003b6e081b9b"
"616","982 126055493143",397.33,2023-02-26 02:13:22,"ViedmaB1","63eca2a009a383fcf30aa6b9"
"617","982 126055493144",609.14,2023-02-26 02:19:58,"ViedmaB1","63eca2a009a383fcf30aa6b7"
"618","982 126055493193",415.75,2023-02-26 02:21:14,"ViedmaB1","63eca2a209a383fcf30aa6c0"
"619","982 126055493525",442.6,2023-02-26 02:29:16,"ViedmaB1","63f336dc1743003b6e081b96"
"620","982 126055493178",327,2023-02-26 02:29:22,"ViedmaB1","63f336dc1743003b6e081b9a"
"621","982 126055493189",524.75,2023-02-26 03:42:01,"ViedmaB1","63eca2a209a383fcf30aa6c1"
"622","982 126055493187",465.75,2023-02-26 03:47:44,"ViedmaB1","63eca29f09a383fcf30aa6b6"
"623","982 126055493172",327.8,2023-02-26 03:48:03,"ViedmaB1","63eca29e09a383fcf30aa6ad"
"624","032 010001234771",510.68,2023-02-26 03:48:28,"ViedmaB1","63eca29e09a383fcf30aa6aa"
"625","982 126055493194",510.68,2023-02-26 03:48:28,"ViedmaB1","63eca29e09a383fcf30aa6ae"
"626","982 126055493184",391.11,2023-02-26 03:49:57,"ViedmaB1","63f336dd1743003b6e081b9d"
"627","982 126055493190",399.25,2023-02-26 03:55:22,"ViedmaB1","63eca2a009a383fcf30aa6b8"
"628","982 126055493524",461.3,2023-02-26 03:56:03,"ViedmaB1","63eca29f09a383fcf30aa6b3"
"629","982 126055493140",425.3,2023-02-26 03:58:30,"ViedmaB1","63eca2a109a383fcf30aa6be"
"630","982 126055493183",457.22,2023-02-26 04:02:57,"ViedmaB1","63f336dc1743003b6e081b98"
"631","982 126055493191",437.7,2023-02-26 04:03:38,"ViedmaB1","63f336dc1743003b6e081b97"
"632","982 126055493173",311.25,2023-02-26 04:08:44,"ViedmaB1","63f336dd1743003b6e081b9c"
"633","982 126055493141",354.11,2023-02-26 04:08:53,"ViedmaB1","63eca2a109a383fcf30aa6bb"
"634","982 126055493186",766.75,2023-02-26 04:14:41,"ViedmaB1","63eca29f09a383fcf30aa6b0"
"635","982 126055493192",565.4,2023-02-26 04:15:56,"ViedmaB1","63eca29e09a383fcf30aa6ac"
"636","982 126055493177",392.11,2023-02-26 04:28:07,"ViedmaB1","63eca2a109a383fcf30aa6bd"
"637","982 126055493195",490.12,2023-02-26 05:44:03,"ViedmaB1","63eca29e09a383fcf30aa6af"
"638","982 126055493185",390.78,2023-02-26 07:07:29,"ViedmaB1","63eca2a209a383fcf30aa6c2"
"639","982 126055493182",531.57,2023-02-26 07:20:10,"ViedmaB1","63eca2a109a383fcf30aa6bf"
"640","982 126055493175",348.23,2023-02-26 07:20:16,"ViedmaB1","63eca29f09a383fcf30aa6b4"
"641","982 126055493176",562.86,2023-02-26 07:20:41,"ViedmaB1","63eca29f09a383fcf30aa6b1"
"642","982 126055493180",497.71,2023-02-26 07:20:47,"ViedmaB1","63f336dd1743003b6e081b9e"
"643","982 126055493194",552.81,2023-02-26 07:22:32,"ViedmaB1","63eca29e09a383fcf30aa6ae"
"644","032 010001234844",478.29,2023-02-26 07:22:40,"ViedmaB1","63eca29e09a383fcf30aa6ab"
"645","982 126055493174",493.09,2023-02-26 07:22:40,"ViedmaB1","63eca29f09a383fcf30aa6b5"
"646","982 126055493142",444.57,2023-02-26 09:31:31,"ViedmaB1","63eca2a109a383fcf30aa6bc"
"647","982 126055493145",345,2023-02-26 09:31:35,"ViedmaB1","63f336dc1743003b6e081b99"
"648","982 126055493524",435,2023-02-26 09:31:39,"ViedmaB1","63eca29f09a383fcf30aa6b3"
"649","982 126055493178",361.43,2023-02-26 09:31:48,"ViedmaB1","63f336dc1743003b6e081b9a"
"650","982 126055493181",568.88,2023-02-26 09:33:18,"ViedmaB1","63f336dd1743003b6e081b9b"
"651","982 126055493177",510.38,2023-02-26 09:36:23,"ViedmaB1","63eca2a109a383fcf30aa6bd"
"652","982 126055493189",438.14,2023-02-26 09:36:29,"ViedmaB1","63eca2a209a383fcf30aa6c1"
"653","982 126055493144",517,2023-02-26 09:36:35,"ViedmaB1","63eca2a009a383fcf30aa6b7"
"654","982 126055493194",443.1,2023-02-26 09:36:46,"ViedmaB1","63eca29e09a383fcf30aa6ae"
"655","982 126055493190",449.07,2023-02-26 09:38:04,"ViedmaB1","63eca2a009a383fcf30aa6b8"
"656","982 126055493140",770.7,2023-02-26 09:38:37,"ViedmaB1","63eca2a109a383fcf30aa6be"
"657","982 126055493187",475.6,2023-02-26 09:39:21,"ViedmaB1","63eca29f09a383fcf30aa6b6"
"658","982 126055493525",395.89,2023-02-26 09:39:27,"ViedmaB1","63f336dc1743003b6e081b96"
"659","982 126055493191",468.57,2023-02-26 09:39:52,"ViedmaB1","63f336dc1743003b6e081b97"
"660","982 126055493193",427.75,2023-02-26 11:48:06,"ViedmaB1","63eca2a209a383fcf30aa6c0"
"661","982 126055493172",413.27,2023-02-27 00:24:03,"ViedmaB1","63eca29e09a383fcf30aa6ad"
"662","982 126055493143",341.11,2023-02-27 00:26:58,"ViedmaB1","63eca2a009a383fcf30aa6b9"
"663","982 126055493190",378.17,2023-02-27 00:28:34,"ViedmaB1","63eca2a009a383fcf30aa6b8"
"664","982 126055493178",371.4,2023-02-27 00:28:41,"ViedmaB1","63f336dc1743003b6e081b9a"
"665","982 126055493145",342.13,2023-02-27 00:28:51,"ViedmaB1","63f336dc1743003b6e081b99"
"666","982 126055493173",311.33,2023-02-27 00:53:55,"ViedmaB1","63f336dd1743003b6e081b9c"
"667","982 126055493184",367.82,2023-02-27 01:04:12,"ViedmaB1","63f336dd1743003b6e081b9d"
"668","982 126055493175",367.1,2023-02-27 01:37:07,"ViedmaB1","63eca29f09a383fcf30aa6b4"
"669","982 126055493524",449.42,2023-02-27 01:37:22,"ViedmaB1","63eca29f09a383fcf30aa6b3"
"670","982 126055493194",480.7,2023-02-27 01:38:55,"ViedmaB1","63eca29e09a383fcf30aa6ae"
"671","982 126055493142",320.06,2023-02-27 01:39:40,"ViedmaB1","63eca2a109a383fcf30aa6bc"
"672","982 126055493182",516.5,2023-02-27 01:39:53,"ViedmaB1","63eca2a109a383fcf30aa6bf"
"673","982 126055493183",359.25,2023-02-27 01:40:01,"ViedmaB1","63f336dc1743003b6e081b98"
"674","982 126055493174",459.07,2023-02-27 01:40:05,"ViedmaB1","63eca29f09a383fcf30aa6b5"
"675","982 126055493140",484.67,2023-02-27 01:40:11,"ViedmaB1","63eca2a109a383fcf30aa6be"
"676","982 126055493187",384,2023-02-27 01:42:14,"ViedmaB1","63eca29f09a383fcf30aa6b6"
"677","982 126055493141",398.5,2023-02-27 01:49:16,"ViedmaB1","63eca2a109a383fcf30aa6bb"
"678","982 126055493525",425.91,2023-02-27 01:49:26,"ViedmaB1","63f336dc1743003b6e081b96"
"679","982 126055493179",528.71,2023-02-27 01:50:15,"ViedmaB1","63eca29f09a383fcf30aa6b2"
"680","982 126055493191",394.62,2023-02-27 01:50:28,"ViedmaB1","63f336dc1743003b6e081b97"
"681","982 126055493195",475.67,2023-02-27 01:52:54,"ViedmaB1","63eca29e09a383fcf30aa6af"
"682","982 126055493185",506.75,2023-02-27 01:53:01,"ViedmaB1","63eca2a209a383fcf30aa6c2"
"683","982 126055493189",544.67,2023-02-27 01:53:57,"ViedmaB1","63eca2a209a383fcf30aa6c1"
"684","982 126055493176",571.44,2023-02-27 01:54:08,"ViedmaB1","63eca29f09a383fcf30aa6b1"
"685","982 126055493181",350.2,2023-02-27 01:59:28,"ViedmaB1","63f336dd1743003b6e081b9b"
"686","982 126055493186",740,2023-02-27 02:02:00,"ViedmaB1","63eca29f09a383fcf30aa6b0"
"687","982 126055493180",444.5,2023-02-27 02:02:09,"ViedmaB1","63f336dd1743003b6e081b9e"
"688","982 126055493192",465.89,2023-02-27 02:03:27,"ViedmaB1","63eca29e09a383fcf30aa6ac"
"689","982 126055493177",179.67,2023-02-27 02:03:35,"ViedmaB1","63eca2a109a383fcf30aa6bd"
"690","982 126055493144",482.78,2023-02-27 02:03:35,"ViedmaB1","63eca2a009a383fcf30aa6b7"
"691","982 126055493193",512.93,2023-02-27 02:03:40,"ViedmaB1","63eca2a209a383fcf30aa6c0"
"692","982 126055493525",399.42,2023-02-27 08:23:22,"ViedmaB1","63f336dc1743003b6e081b96"
"693","982 126055493145",420.18,2023-02-27 08:24:56,"ViedmaB1","63f336dc1743003b6e081b99"
"694","982 126055493178",380.42,2023-02-27 08:42:07,"ViedmaB1","63f336dc1743003b6e081b9a"
"695","982 126055493177",406.92,2023-02-27 09:15:48,"ViedmaB1","63eca2a109a383fcf30aa6bd"
"696","982 126055493524",465.54,2023-02-27 09:15:48,"ViedmaB1","63eca29f09a383fcf30aa6b3"
"697","982 126055493194",408,2023-02-27 09:15:53,"ViedmaB1","63eca29e09a383fcf30aa6ae"
"698","982 126055493187",500.33,2023-02-27 09:16:06,"ViedmaB1","63eca29f09a383fcf30aa6b6"
"699","982 126055493184",449.15,2023-02-27 09:27:47,"ViedmaB1","63f336dd1743003b6e081b9d"
"700","982 126055493190",378.7,2023-02-27 09:31:20,"ViedmaB1","63eca2a009a383fcf30aa6b8"
"701","982 126055493193",485.29,2023-02-27 09:35:33,"ViedmaB1","63eca2a209a383fcf30aa6c0"
"702","982 126055493191",427.55,2023-02-27 09:36:28,"ViedmaB1","63f336dc1743003b6e081b97"
"703","982 126055493141",404.9,2023-02-27 09:37:05,"ViedmaB1","63eca2a109a383fcf30aa6bb"
"704","982 126055493140",562.67,2023-02-27 09:37:26,"ViedmaB1","63eca2a109a383fcf30aa6be"
"705","982 126055493189",476.89,2023-02-27 09:38:16,"ViedmaB1","63eca2a209a383fcf30aa6c1"
"706","982 126055493190",390,2023-02-27 09:44:21,"ViedmaB1","63eca2a009a383fcf30aa6b8"
"707","982 126055493185",489,2023-02-27 09:49:21,"ViedmaB1","63eca2a209a383fcf30aa6c2"
"708","982 126055493172",402.71,2023-02-27 09:50:10,"ViedmaB1","63eca29e09a383fcf30aa6ad"
"709","982 126055493173",307.8,2023-02-27 09:50:55,"ViedmaB1","63f336dd1743003b6e081b9c"
"710","982 126055493524",369.82,2023-02-27 09:51:26,"ViedmaB1","63eca29f09a383fcf30aa6b3"
"711","982 126055493175",325.8,2023-02-27 09:55:24,"ViedmaB1","63eca29f09a383fcf30aa6b4"
"712","982 126055493144",483,2023-02-27 10:03:17,"ViedmaB1","63eca2a009a383fcf30aa6b7"
"713","982 126055493182",542.25,2023-02-27 10:03:24,"ViedmaB1","63eca2a109a383fcf30aa6bf"
"714","982 126055493194",431.54,2023-02-27 10:03:29,"ViedmaB1","63eca29e09a383fcf30aa6ae"
"715","982 126055493180",444.9,2023-02-27 10:07:12,"ViedmaB1","63f336dd1743003b6e081b9e"
"716","982 126055493525",643.88,2023-02-27 10:09:01,"ViedmaB1","63f336dc1743003b6e081b96"
"717","982 126055493142",428.19,2023-02-27 10:09:01,"ViedmaB1","63eca2a109a383fcf30aa6bc"
"718","982 126055493174",486.5,2023-02-27 10:10:52,"ViedmaB1","63eca29f09a383fcf30aa6b5"
"719","982 126055493177",410.87,2023-02-27 10:15:05,"ViedmaB1","63eca2a109a383fcf30aa6bd"
"720","982 126055493178",476.47,2023-02-27 10:31:30,"ViedmaB1","63f336dc1743003b6e081b9a"
"721","982 126055493183",369.67,2023-02-27 10:33:27,"ViedmaB1","63f336dc1743003b6e081b98"
"722","982 126055493195",462,2023-02-27 21:01:05,"ViedmaB1","63eca29e09a383fcf30aa6af"
"723","982 126055493191",371.65,2023-02-27 21:01:18,"ViedmaB1","63f336dc1743003b6e081b97"
"724","982 126055493178",414.81,2023-02-27 21:01:18,"ViedmaB1","63f336dc1743003b6e081b9a"
"725","982 126055493176",451.81,2023-02-27 21:01:23,"ViedmaB1","63eca29f09a383fcf30aa6b1"
"726","982 126055493187",417.76,2023-02-27 21:01:23,"ViedmaB1","63eca29f09a383fcf30aa6b6"
"727","982 126055493173",76,2023-02-27 21:01:24,"ViedmaB1","63f336dd1743003b6e081b9c"
"728","982 126055493180",548.64,2023-02-27 21:01:32,"ViedmaB1","63f336dd1743003b6e081b9e"
"729","982 126055493190",418.23,2023-02-27 21:01:44,"ViedmaB1","63eca2a009a383fcf30aa6b8"
"730","982 126055493183",512.08,2023-02-27 21:01:53,"ViedmaB1","63f336dc1743003b6e081b98"
"731","982 126055493192",572.19,2023-02-27 21:02:31,"ViedmaB1","63eca29e09a383fcf30aa6ac"
"732","982 126055493175",393.8,2023-02-27 21:02:31,"ViedmaB1","63eca29f09a383fcf30aa6b4"
"733","032 010001234771",518.41,2023-02-27 21:02:31,"ViedmaB1","63eca29e09a383fcf30aa6aa"
"734","982 126055493194",518.41,2023-02-27 21:02:31,"ViedmaB1","63eca29e09a383fcf30aa6ae"
"735","032 010001234771",427.44,2023-02-27 21:02:31,"ViedmaB1","63eca29e09a383fcf30aa6aa"
"736","982 126055493194",425.1,2023-02-27 21:02:31,"ViedmaB1","63eca29e09a383fcf30aa6ae"
"737","982 126055493189",459.95,2023-02-27 21:02:34,"ViedmaB1","63eca2a209a383fcf30aa6c1"
"738","982 126055493525",0,2023-02-27 21:02:34,"ViedmaB1","63f336dc1743003b6e081b96"
"739","982 126055493193",658.71,2023-02-27 21:02:46,"ViedmaB1","63eca2a209a383fcf30aa6c0"
"740","982 126055493145",408.53,2023-02-27 21:02:58,"ViedmaB1","63f336dc1743003b6e081b99"
"741","982 126055493174",521.25,2023-02-27 21:02:58,"ViedmaB1","63eca29f09a383fcf30aa6b5"
"742","982 126055493141",433.88,2023-02-27 21:02:58,"ViedmaB1","63eca2a109a383fcf30aa6bb"
"743","982 126055493140",67.83,2023-02-27 21:02:59,"ViedmaB1","63eca2a109a383fcf30aa6be"
"744","982 126055493186",440.5,2023-02-27 21:03:08,"ViedmaB1","63eca29f09a383fcf30aa6b0"
"745","982 126055493182",411.32,2023-02-27 21:03:18,"ViedmaB1","63eca2a109a383fcf30aa6bf"
"746","982 126055493143",360.7,2023-02-27 21:03:18,"ViedmaB1","63eca2a009a383fcf30aa6b9"
"747","982 126055493172",436.48,2023-02-27 21:03:37,"ViedmaB1","63eca29e09a383fcf30aa6ad"
"748","982 126055493142",303.24,2023-02-27 21:03:37,"ViedmaB1","63eca2a109a383fcf30aa6bc"
"749","982 126055493185",505.79,2023-02-27 21:03:59,"ViedmaB1","63eca2a209a383fcf30aa6c2"
"750","982 126055493144",144.85,2023-02-27 21:03:59,"ViedmaB1","63eca2a009a383fcf30aa6b7"
"751","982 126055493177",549.21,2023-02-27 21:04:34,"ViedmaB1","63eca2a109a383fcf30aa6bd"
"752","982 126055493181",746.08,2023-02-27 21:04:50,"ViedmaB1","63f336dd1743003b6e081b9b"
"753","982 126055493524",213.84,2023-02-27 21:04:50,"ViedmaB1","63eca29f09a383fcf30aa6b3"
"754","982 126055493179",521.86,2023-02-27 21:05:09,"ViedmaB1","63eca29f09a383fcf30aa6b2"
"755","982 126055493175",386.5,2023-02-28 06:05:43,"ViedmaB1","63eca29f09a383fcf30aa6b4"
"756","982 126055493140",522.78,2023-02-28 06:05:49,"ViedmaB1","63eca2a109a383fcf30aa6be"
"757","982 126055493191",410.82,2023-02-28 06:05:55,"ViedmaB1","63f336dc1743003b6e081b97"
"758","982 126055493184",355.93,2023-02-28 06:06:18,"ViedmaB1","63f336dd1743003b6e081b9d"
"759","982 126055493193",538,2023-02-28 07:03:44,"ViedmaB1","63eca2a209a383fcf30aa6c0"
"760","982 126055493178",421.22,2023-02-28 07:15:09,"ViedmaB1","63f336dc1743003b6e081b9a"
"761","982 126055493193",550.77,2023-02-28 07:15:09,"ViedmaB1","63eca2a209a383fcf30aa6c0"
"762","982 126055493172",327.9,2023-02-28 07:15:32,"ViedmaB1","63eca29e09a383fcf30aa6ad"
"763","982 126055493181",453.91,2023-02-28 07:23:15,"ViedmaB1","63f336dd1743003b6e081b9b"
"764","982 126055493194",542.95,2023-02-28 07:25:39,"ViedmaB1","63eca29e09a383fcf30aa6ae"
"765","982 126055493144",614.24,2023-02-28 07:25:39,"ViedmaB1","63eca2a009a383fcf30aa6b7"
"766","982 126055493185",456.4,2023-02-28 07:25:43,"ViedmaB1","63eca2a209a383fcf30aa6c2"
"767","982 126055493179",393.79,2023-02-28 07:26:07,"ViedmaB1","63eca29f09a383fcf30aa6b2"
"768","982 126055493182",547.67,2023-02-28 07:26:41,"ViedmaB1","63eca2a109a383fcf30aa6bf"
"769","032 010001234844",451.7,2023-02-28 07:27:23,"ViedmaB1","63eca29e09a383fcf30aa6ab"
"770","982 126055493174",494.59,2023-02-28 07:27:23,"ViedmaB1","63eca29f09a383fcf30aa6b5"
"771","982 126055493180",438.75,2023-02-28 07:27:42,"ViedmaB1","63f336dd1743003b6e081b9e"
"772","982 126055493524",341.75,2023-02-28 07:31:03,"ViedmaB1","63eca29f09a383fcf30aa6b3"
"773","982 126055493145",344.58,2023-02-28 07:31:07,"ViedmaB1","63f336dc1743003b6e081b99"
"774","982 126055493176",409.57,2023-02-28 07:32:33,"ViedmaB1","63eca29f09a383fcf30aa6b1"
"775","982 126055493190",420.29,2023-02-28 07:45:45,"ViedmaB1","63eca2a009a383fcf30aa6b8"
"776","982 126055493186",324.74,2023-02-28 08:12:21,"ViedmaB1","63eca29f09a383fcf30aa6b0"
"777","982 126055493187",391.18,2023-02-28 08:12:21,"ViedmaB1","63eca29f09a383fcf30aa6b6"
"778","982 126055493189",513.2,2023-02-28 08:16:45,"ViedmaB1","63eca2a209a383fcf30aa6c1"
"779","982 126055493192",745.82,2023-02-28 08:20:04,"ViedmaB1","63eca29e09a383fcf30aa6ac"
"780","982 126055493144",611.09,2023-02-28 08:20:16,"ViedmaB1","63eca2a009a383fcf30aa6b7"
"781","982 126055493177",455.67,2023-02-28 08:26:23,"ViedmaB1","63eca2a109a383fcf30aa6bd"
"782","982 126055493173",304.11,2023-02-28 09:07:05,"ViedmaB1","63f336dd1743003b6e081b9c"
"783","982 126055493195",471.57,2023-02-28 09:07:28,"ViedmaB1","63eca29e09a383fcf30aa6af"
"784","982 126055493194",0,2023-02-28 09:07:28,"ViedmaB1","63eca29e09a383fcf30aa6ae"
"785","982 126055493141",483.36,2023-02-28 09:10:17,"ViedmaB1","63eca2a109a383fcf30aa6bb"
"786","982 126055493143",450.73,2023-02-28 09:20:47,"ViedmaB1","63eca2a009a383fcf30aa6b9"
"787","982 126055493183",370.43,2023-02-28 09:23:28,"ViedmaB1","63f336dc1743003b6e081b98"
"788","982 126055493142",446.38,2023-02-28 09:40:46,"ViedmaB1","63eca2a109a383fcf30aa6bc"
"789","982 126055493525",451.88,2023-02-28 09:40:53,"ViedmaB1","63f336dc1743003b6e081b96"
"790","982 126055493195",463.62,2023-03-01 00:35:48,"ViedmaB1","63eca29e09a383fcf30aa6af"
"791","982 126055493187",0,2023-03-01 00:35:48,"ViedmaB1","63eca29f09a383fcf30aa6b6"
"792","982 126055493185",423.67,2023-03-01 00:35:55,"ViedmaB1","63eca2a209a383fcf30aa6c2"
"793","982 126055493140",516.67,2023-03-01 00:36:01,"ViedmaB1","63eca2a109a383fcf30aa6be"
"794","032 010001234771",0,2023-03-01 00:36:07,"ViedmaB1","63eca29e09a383fcf30aa6aa"
"795","982 126055493194",385.82,2023-03-01 00:36:07,"ViedmaB1","63eca29e09a383fcf30aa6ae"
"796","982 126055493194",432.42,2023-03-01 00:36:07,"ViedmaB1","63eca29e09a383fcf30aa6ae"
"797","982 126055493524",400.07,2023-03-01 00:36:23,"ViedmaB1","63eca29f09a383fcf30aa6b3"
"798","982 126055493193",487.75,2023-03-01 00:36:31,"ViedmaB1","63eca2a209a383fcf30aa6c0"
"799","982 126055493184",366.76,2023-03-01 00:36:41,"ViedmaB1","63f336dd1743003b6e081b9d"
"800","982 126055493176",467,2023-03-01 00:36:57,"ViedmaB1","63eca29f09a383fcf30aa6b1"
"801","982 126055493191",391.59,2023-03-01 00:37:02,"ViedmaB1","63f336dc1743003b6e081b97"
"802","982 126055493173",106.46,2023-03-01 00:37:02,"ViedmaB1","63f336dd1743003b6e081b9c"
"803","982 126055493144",556.22,2023-03-01 00:37:09,"ViedmaB1","63eca2a009a383fcf30aa6b7"
"804","982 126055493175",432.43,2023-03-01 00:37:14,"ViedmaB1","63eca29f09a383fcf30aa6b4"
"805","982 126055493181",452.8,2023-03-01 00:37:38,"ViedmaB1","63f336dd1743003b6e081b9b"
"806","982 126055493179",436.62,2023-03-01 00:37:52,"ViedmaB1","63eca29f09a383fcf30aa6b2"
"807","982 126055493180",495.25,2023-03-01 00:38:54,"ViedmaB1","63f336dd1743003b6e081b9e"
"808","982 126055493192",594.93,2023-03-01 00:40:56,"ViedmaB1","63eca29e09a383fcf30aa6ac"
"809","982 126055493182",527,2023-03-01 00:41:07,"ViedmaB1","63eca2a109a383fcf30aa6bf"
"810","982 126055493142",389.11,2023-03-01 00:41:28,"ViedmaB1","63eca2a109a383fcf30aa6bc"
"811","982 126055493189",495.33,2023-03-01 00:42:40,"ViedmaB1","63eca2a209a383fcf30aa6c1"
"812","982 126055493190",362.12,2023-03-01 00:48:19,"ViedmaB1","63eca2a009a383fcf30aa6b8"
"813","982 126055493145",350.68,2023-03-01 00:48:34,"ViedmaB1","63f336dc1743003b6e081b99"
"814","982 126055493178",435.14,2023-03-01 00:48:34,"ViedmaB1","63f336dc1743003b6e081b9a"
"815","982 126055493172",509.77,2023-03-01 00:48:34,"ViedmaB1","63eca29e09a383fcf30aa6ad"
"816","982 126055493143",390.97,2023-03-01 00:48:34,"ViedmaB1","63eca2a009a383fcf30aa6b9"
"817","982 126055493186",440.82,2023-03-01 00:48:37,"ViedmaB1","63eca29f09a383fcf30aa6b0"
"818","982 126055493183",510.25,2023-03-01 00:48:45,"ViedmaB1","63f336dc1743003b6e081b98"
"819","982 126055493525",395.37,2023-03-01 00:48:45,"ViedmaB1","63f336dc1743003b6e081b96"
"820","982 126055493174",509.53,2023-03-01 00:49:24,"ViedmaB1","63eca29f09a383fcf30aa6b5"
"821","982 126055493141",349.84,2023-03-01 00:49:24,"ViedmaB1","63eca2a109a383fcf30aa6bb"
"822","982 126055493177",623.32,2023-03-01 00:49:24,"ViedmaB1","63eca2a109a383fcf30aa6bd"
"823","982 126055493559",230.83,2023-03-02 22:00:01,"ViedmaB1","641bbff5070e1df6ba059f18"
"824","982 126055493178",399.86,2023-03-29 01:01:37,"ViedmaB1","63f336dc1743003b6e081b9a"
"825","982 126055493184",414.02,2023-03-29 01:01:37,"ViedmaB1","63f336dd1743003b6e081b9d"
"826","982 126055493145",880.72,2023-03-29 01:01:48,"ViedmaB1","63f336dc1743003b6e081b99"
"827","982 126055493144",642.12,2023-03-29 01:01:48,"ViedmaB1","63eca2a009a383fcf30aa6b7"
"828","982 126055493524",514.72,2023-03-29 01:01:58,"ViedmaB1","63eca29f09a383fcf30aa6b3"
"829","982 126055493173",389.55,2023-03-29 01:02:25,"ViedmaB1","63f336dd1743003b6e081b9c"
"830","982 126055493185",619.63,2023-03-29 01:02:25,"ViedmaB1","63eca2a209a383fcf30aa6c2"
"831","982 126055493180",0,2023-03-29 01:02:25,"ViedmaB1","63f336dd1743003b6e081b9e"
"832","982 126055493189",558.33,2023-03-29 01:02:35,"ViedmaB1","63eca2a209a383fcf30aa6c1"
"833","982 126055493140",673.68,2023-03-29 01:02:35,"ViedmaB1","63eca2a109a383fcf30aa6be"
"834","982 126055493177",535.62,2023-03-29 01:02:35,"ViedmaB1","63eca2a109a383fcf30aa6bd"
"835","982 126055493177",607.26,2023-03-29 01:02:46,"ViedmaB1","63eca2a109a383fcf30aa6bd"
"836","982 126055493191",788.74,2023-03-29 01:02:46,"ViedmaB1","63f336dc1743003b6e081b97"
"837","982 126055493187",352.09,2023-03-29 01:02:46,"ViedmaB1","63eca29f09a383fcf30aa6b6"
"838","032 010001234771",598.9,2023-03-29 01:03:02,"ViedmaB1","63eca29e09a383fcf30aa6aa"
"839","982 126055493525",547.85,2023-03-29 01:03:02,"ViedmaB1","63f336dc1743003b6e081b96"
"840","032 010001234771",257.34,2023-03-29 01:03:02,"ViedmaB1","63eca29e09a383fcf30aa6aa"
"841","982 126055493194",591.29,2023-03-29 01:03:02,"ViedmaB1","63eca29e09a383fcf30aa6ae"
"842","982 126055493194",600,2023-03-29 01:03:02,"ViedmaB1","63eca29e09a383fcf30aa6ae"
"843","982 126055493142",0,2023-03-29 01:03:02,"ViedmaB1","63eca2a109a383fcf30aa6bc"
"844","982 126055493195",536.23,2023-03-29 01:03:34,"ViedmaB1","63eca29e09a383fcf30aa6af"
"845","982 126055493176",765.05,2023-03-29 01:03:34,"ViedmaB1","63eca29f09a383fcf30aa6b1"
"846","982 126055493186",475.97,2023-03-29 01:03:34,"ViedmaB1","63eca29f09a383fcf30aa6b0"
"847","982 126055493143",400.95,2023-03-29 01:03:34,"ViedmaB1","63eca2a009a383fcf30aa6b9"
"848","982 126055493175",402.5,2023-03-29 01:03:38,"ViedmaB1","63eca29f09a383fcf30aa6b4"
"849","982 126055493193",474.27,2023-03-29 01:03:44,"ViedmaB1","63eca2a209a383fcf30aa6c0"
"850","982 126055493141",451.03,2023-03-29 01:03:44,"ViedmaB1","63eca2a109a383fcf30aa6bb"
"851","982 126055493190",416.1,2023-03-29 01:03:49,"ViedmaB1","63eca2a009a383fcf30aa6b8"
"852","982 126055493192",583.8,2023-03-29 01:04:10,"ViedmaB1","63eca29e09a383fcf30aa6ac"
"853","982 126055493179",503.27,2023-03-29 01:04:10,"ViedmaB1","63eca29f09a383fcf30aa6b2"
"854","982 126055493183",679.88,2023-03-29 01:04:10,"ViedmaB1","63f336dc1743003b6e081b98"
