"","RFID","Date","Weight","stationname"
"1","900 093000058988",2016-07-12,590,"Tremere"
"2","900 093000058988",2017-06-12,620,"Tremere"
"3","900 093000058988",2018-07-23,672,"Tremere"
"4","900 093000058991",2016-07-12,590,"Tremere"
"5","900 093000058991",2017-05-23,584,"Tremere"
"6","900 093000058991",2018-07-26,618,"Tremere"
"7","900 093000058992",2016-07-12,479,"Tremere"
"8","900 093000058992",2017-06-12,516,"Tremere"
"9","900 093000058992",2018-07-23,592,"Tremere"
"10","900 093000059211",2016-12-13,243,"Tremere"
"11","900 093000059211",2017-08-23,358,"Tremere"
"12","900 093000059211",2018-07-26,542,"Tremere"
"13","900 093000059528",2016-08-16,376,"Tremere"
"14","900 093000059528",2017-05-23,459,"Tremere"
"15","900 093000059528",2018-07-26,610,"Tremere"
"16","900 093000059530",2016-07-12,558,"Tremere"
"17","900 093000059530",2017-06-12,572,"Tremere"
"18","900 093000059530",2018-07-23,608,"Tremere"
"19","900 093000060105",2016-07-08,666,"Tremere"
"20","900 093000060105",2017-05-23,612,"Tremere"
"21","900 093000060105",2018-07-26,620,"Tremere"
"22","900 093000060138",2016-07-08,714,"Tremere"
"23","900 093000060138",2017-05-23,722,"Tremere"
"24","900 093000060138",2018-07-26,704,"Tremere"
"25","900 093000060210",2016-07-08,618,"Tremere"
"26","900 093000060210",2017-05-23,626,"Tremere"
"27","900 093000060210",2018-07-26,586,"Tremere"
"28","900 093000060237",2016-07-12,570,"Tremere"
"29","900 093000060237",2017-06-12,606,"Tremere"
"30","900 093000060237",2018-07-23,666,"Tremere"
"31","900 093000060787",2016-07-08,494,"Tremere"
"32","900 093000060787",2017-05-23,508,"Tremere"
"33","900 093000060787",2018-07-26,534,"Tremere"
"34","900 093000060823",2016-07-12,682,"Tremere"
"35","900 093000060823",2017-06-12,648,"Tremere"
"36","900 093000060823",2018-07-23,706,"Tremere"
"37","900 093000060886",2016-07-08,586,"Tremere"
"38","900 093000060886",2017-05-23,596,"Tremere"
"39","900 093000060886",2018-07-26,596,"Tremere"
"40","900 093000066582",2016-08-16,329,"Tremere"
"41","900 093000066582",2017-05-23,360,"Tremere"
"42","900 093000066582",2018-07-26,468,"Tremere"
"43","900 093000066881",2016-08-16,351,"Tremere"
"44","900 093000066881",2017-05-23,404,"Tremere"
"45","900 093000066881",2018-07-26,498,"Tremere"
"46","900 093000066981",2016-07-12,624,"Tremere"
"47","900 093000066981",2017-06-12,684,"Tremere"
"48","900 093000066981",2018-07-31,682,"Tremere"
"49","900 093000068514",2016-07-12,554,"Tremere"
"50","900 093000068514",2017-06-12,564,"Tremere"
"51","900 093000068514",2018-07-23,616,"Tremere"
"52","900 093000076729",2016-07-12,560,"Tremere"
"53","900 093000076729",2017-06-12,568,"Tremere"
"54","900 093000076729",2018-07-23,558,"Tremere"
"55","900 093000081249",2016-08-16,358,"Tremere"
"56","900 093000081249",2017-05-23,444,"Tremere"
"57","900 093000081249",2018-07-26,574,"Tremere"
"58","900 093000081356",2016-07-12,500,"Tremere"
"59","900 093000081356",2017-06-12,540,"Tremere"
"60","900 093000081356",2018-07-23,608,"Tremere"
"61","900 093000081513",2016-07-12,584,"Tremere"
"62","900 093000081513",2017-06-12,624,"Tremere"
"63","900 093000081513",2018-07-23,636,"Tremere"
"64","900 093000081720",2017-05-23,458,"Tremere"
"65","900 093000081720",2018-04-18,644,"Tremere"
"66","900 093000081720",2018-07-26,642,"Tremere"
"67","900 093000081758",2016-07-08,588,"Tremere"
"68","900 093000081758",2017-05-23,606,"Tremere"
"69","900 093000081758",2018-07-26,596,"Tremere"
"70","900 093000081901",2016-08-16,330,"Tremere"
"71","900 093000081901",2017-05-23,428,"Tremere"
"72","900 093000081901",2018-07-26,526,"Tremere"
"73","900 093000082935",2016-07-12,596,"Tremere"
"74","900 093000082935",2017-06-12,598,"Tremere"
"75","900 093000082935",2018-07-23,658,"Tremere"
"76","900 093000085073",2016-08-16,326,"Tremere"
"77","900 093000085073",2017-05-23,377,"Tremere"
"78","900 093000085073",2018-07-26,467,"Tremere"
"79","900 093000090584",2016-07-08,654,"Tremere"
"80","900 093000090584",2017-05-23,686,"Tremere"
"81","900 093000090584",2018-07-26,726,"Tremere"
"82","900 093000090615",2016-07-01,496,"Tremere"
"83","900 093000090615",2017-05-23,566,"Tremere"
"84","900 093000090615",2018-07-26,558,"Tremere"
"85","900 093000097685",2016-07-08,654,"Tremere"
"86","900 093000097685",2017-05-23,660,"Tremere"
"87","900 093000097685",2018-07-26,632,"Tremere"
"88","900 093000097767",2016-07-01,596,"Tremere"
"89","900 093000097767",2017-05-23,682,"Tremere"
"90","900 093000097767",2018-07-26,674,"Tremere"
"91","900 093000097933",2016-07-12,538,"Tremere"
"92","900 093000097933",2017-06-12,602,"Tremere"
"93","900 093000097933",2018-07-23,620,"Tremere"
"94","900 093000098365",2016-07-08,520,"Tremere"
"95","900 093000098365",2017-05-23,524,"Tremere"
"96","900 093000098365",2018-07-26,566,"Tremere"
"97","900 093000099007",2016-07-12,598,"Tremere"
"98","900 093000099007",2017-06-12,630,"Tremere"
"99","900 093000099007",2018-07-23,672,"Tremere"
"100","900 093000099109",2017-05-23,390,"Tremere"
"101","900 093000099109",2018-04-18,598,"Tremere"
"102","900 093000099109",2018-07-26,606,"Tremere"
"103","900 093000099132",2016-08-16,416,"Tremere"
"104","900 093000099132",2017-05-23,464,"Tremere"
"105","900 093000099132",2018-07-23,632,"Tremere"
"106","900 116003111477",2016-07-08,518,"Tremere"
"107","900 116003111477",2017-05-23,518,"Tremere"
"108","900 116003111477",2018-07-26,542,"Tremere"
"109","900 116003112089",2016-12-13,318,"Tremere"
"110","900 116003112089",2017-08-23,437,"Tremere"
"111","900 116003112089",2018-07-23,554,"Tremere"
"112","900 116003112159",2016-12-13,318,"Tremere"
"113","900 116003112159",2017-08-23,424,"Tremere"
"114","900 116003112159",2018-07-26,512,"Tremere"
"115","900 116003127286",2016-12-13,346,"Tremere"
"116","900 116003127286",2017-08-23,430,"Tremere"
"117","900 116003127286",2018-07-23,514,"Tremere"
"118","900 116003177737",2016-12-13,268,"Tremere"
"119","900 116003177737",2017-08-23,344,"Tremere"
"120","900 116003177737",2018-07-26,462,"Tremere"
"121","900 116003179583",2017-08-23,384,"Tremere"
"122","900 116003179583",2018-07-26,485,"Tremere"
"123","900 116003179583",2019-09-17,576,"Tremere"
"124","900 116003183031",2016-12-13,271,"Tremere"
"125","900 116003183031",2017-08-23,376,"Tremere"
"126","900 116003183031",2018-07-23,598,"Tremere"
"127","900 116003184949",2016-12-13,285,"Tremere"
"128","900 116003184949",2017-08-23,354,"Tremere"
"129","900 116003184949",2018-07-26,520,"Tremere"
"130","900 116003187602",2010-07-20,345,"Tremere"
"131","900 116003187602",2016-07-08,612,"Tremere"
"132","900 116003187602",2017-05-23,622,"Tremere"
"133","951 000301745576",2017-01-26,348,"Tremere"
"134","951 000301745576",2017-06-12,514,"Tremere"
"135","951 000301745576",2018-07-23,690,"Tremere"
"136","951 000301745765",2017-01-26,341,"Tremere"
"137","951 000301745765",2017-06-12,482,"Tremere"
"138","951 000301745765",2018-07-23,479,"Tremere"
"139","951 000302131470",2017-01-26,437,"Tremere"
"140","951 000302131470",2017-06-12,556,"Tremere"
"141","951 000302131470",2018-07-23,634,"Tremere"
"142","951 000302131600",2017-01-26,448,"Tremere"
"143","951 000302131600",2017-06-12,554,"Tremere"
"144","951 000302131600",2018-07-23,700,"Tremere"
"145","951 000302132339",2017-01-26,412,"Tremere"
"146","951 000302132339",2017-06-12,498,"Tremere"
"147","951 000302132339",2018-07-23,464,"Tremere"
"148","951 000302938846",2017-01-26,318,"Tremere"
"149","951 000302938846",2017-06-12,419,"Tremere"
"150","951 000302938846",2018-07-23,590,"Tremere"
"151","951 000305650407",2017-01-26,428,"Tremere"
"152","951 000305650407",2017-06-12,506,"Tremere"
"153","951 000305650407",2018-07-23,650,"Tremere"
"154","951 000305650505",2017-01-26,394,"Tremere"
"155","951 000305650505",2017-06-12,588,"Tremere"
"156","951 000305650505",2018-07-23,562,"Tremere"
"157","951 000305650526",2017-01-26,374,"Tremere"
"158","951 000305650526",2017-06-12,467,"Tremere"
"159","951 000305650526",2018-07-23,566,"Tremere"
"160","951 000305650528",2017-01-26,463,"Tremere"
"161","951 000305650528",2017-06-12,674,"Tremere"
"162","951 000305650528",2018-07-23,654,"Tremere"
"163","951 000305650664",2017-01-26,435,"Tremere"
"164","951 000305650664",2017-06-12,464,"Tremere"
"165","951 000305650664",2018-07-23,602,"Tremere"
"166","951 000305650682",2017-01-26,522,"Tremere"
"167","951 000305650682",2017-06-12,504,"Tremere"
"168","951 000305650682",2018-07-23,760,"Tremere"
"169","951 000305650731",2017-01-26,425,"Tremere"
"170","951 000305650731",2017-06-12,534,"Tremere"
"171","951 000305650731",2018-07-23,674,"Tremere"
"172","951 000305650787",2017-01-26,416,"Tremere"
"173","951 000305650787",2017-06-12,522,"Tremere"
"174","951 000305650787",2018-07-23,652,"Tremere"
"175","951 000305650867",2017-01-26,444,"Tremere"
"176","951 000305650867",2017-06-12,552,"Tremere"
"177","951 000305650867",2018-07-23,680,"Tremere"
"178","951 000305651172",2017-01-26,386,"Tremere"
"179","951 000305651172",2017-06-12,528,"Tremere"
"180","951 000305651172",2018-07-23,698,"Tremere"
"181","951 000502702035",2017-08-18,317,"Tremere"
"182","951 000502702035",2017-11-27,357,"Tremere"
"183","951 000502702035",2018-07-23,508,"Tremere"
"184","964 001004336507",2016-07-08,616,"Tremere"
"185","964 001004336507",2017-05-23,592,"Tremere"
"186","964 001004336507",2018-07-26,556,"Tremere"
"187","964 001004336657",2016-07-12,542,"Tremere"
"188","964 001004336657",2017-06-12,534,"Tremere"
"189","964 001004336657",2018-07-23,598,"Tremere"
"190","964 001005759199",2016-07-08,550,"Tremere"
"191","964 001005759199",2017-05-23,548,"Tremere"
"192","964 001005759199",2018-07-26,612,"Tremere"
"193","964 001005759655",2016-07-08,536,"Tremere"
"194","964 001005759655",2017-05-23,572,"Tremere"
"195","964 001005759655",2018-07-26,574,"Tremere"
"196","964 001005760013",2016-07-08,570,"Tremere"
"197","964 001005760013",2017-05-23,548,"Tremere"
"198","964 001005760013",2018-07-26,542,"Tremere"
"199","964 001005760020",2016-07-08,594,"Tremere"
"200","964 001005760020",2017-05-23,588,"Tremere"
"201","964 001005760020",2018-07-26,680,"Tremere"
"202","964 001005760189",2016-07-08,534,"Tremere"
"203","964 001005760189",2017-05-23,586,"Tremere"
"204","964 001005760189",2018-07-26,622,"Tremere"
"205","964 001005760201",2016-07-08,622,"Tremere"
"206","964 001005760201",2017-05-23,618,"Tremere"
"207","964 001005760201",2018-07-26,648,"Tremere"
"208","964 001005760256",2016-07-08,726,"Tremere"
"209","964 001005760256",2017-05-23,676,"Tremere"
"210","964 001005760256",2018-07-26,750,"Tremere"
"211","964 001005760260",2016-07-08,564,"Tremere"
"212","964 001005760260",2017-05-23,518,"Tremere"
"213","964 001005760260",2018-07-26,578,"Tremere"
"214","964 001005760763",2016-07-12,447,"Tremere"
"215","964 001005760763",2017-06-12,526,"Tremere"
"216","964 001005760763",2018-07-23,550,"Tremere"
"217","964 001006027337",2016-08-16,310,"Tremere"
"218","964 001006027337",2017-05-23,388,"Tremere"
"219","964 001006027337",2018-07-26,465,"Tremere"
"220","964 001006027725",2016-08-16,333,"Tremere"
"221","964 001006027725",2017-05-23,422,"Tremere"
"222","964 001006027725",2018-07-26,497,"Tremere"
"223","964 001006027874",2016-08-16,300,"Tremere"
"224","964 001006027874",2017-05-23,373,"Tremere"
"225","964 001006027874",2018-07-26,427,"Tremere"
"226","964 001006027940",2016-03-04,271,"Tremere"
"227","964 001006027940",2016-08-16,283,"Tremere"
"228","964 001006027940",2018-07-25,416,"Tremere"
"229","982 000165565405",2017-01-26,432,"Tremere"
"230","982 000165565405",2017-06-12,542,"Tremere"
"231","982 000165565405",2018-07-23,746,"Tremere"
"232","982 000167894732",2016-07-08,596,"Tremere"
"233","982 000167894732",2017-05-23,618,"Tremere"
"234","982 000167894732",2018-07-26,666,"Tremere"
"235","982 000167896491",2016-07-12,656,"Tremere"
"236","982 000167896491",2017-06-12,672,"Tremere"
"237","982 000167896491",2018-07-23,712,"Tremere"
"238","982 000167899650",2016-07-08,638,"Tremere"
"239","982 000167899650",2017-05-23,656,"Tremere"
"240","982 000167899650",2018-07-26,718,"Tremere"
"241","982 000167906412",2016-07-08,638,"Tremere"
"242","982 000167906412",2017-05-23,636,"Tremere"
"243","982 000167906412",2018-07-26,646,"Tremere"
"244","982 000167906555",2014-09-25,341,"Tremere"
"245","982 000167906555",2016-07-12,582,"Tremere"
"246","982 000167906555",2017-06-12,630,"Tremere"
"247","982 000167906575",2016-07-12,506,"Tremere"
"248","982 000167906575",2017-06-12,564,"Tremere"
"249","982 000167906575",2018-07-23,598,"Tremere"
"250","982 000167906854",2016-07-08,606,"Tremere"
"251","982 000167906854",2017-05-23,640,"Tremere"
"252","982 000167906854",2018-07-26,648,"Tremere"
"253","982 000167915843",2016-07-12,602,"Tremere"
"254","982 000167915843",2017-06-12,604,"Tremere"
"255","982 000167915843",2018-07-23,624,"Tremere"
"256","982 000167917630",2016-07-08,600,"Tremere"
"257","982 000167917630",2017-05-23,614,"Tremere"
"258","982 000167917630",2018-07-26,604,"Tremere"
"259","982 000167918471",2016-07-12,612,"Tremere"
"260","982 000167918471",2017-06-12,672,"Tremere"
"261","982 000167918471",2018-07-31,720,"Tremere"
"262","982 000167928682",2014-09-25,320,"Tremere"
"263","982 000167928682",2016-07-12,536,"Tremere"
"264","982 000167928682",2017-06-12,636,"Tremere"
"265","982 000167929112",2016-07-08,528,"Tremere"
"266","982 000167929112",2017-05-23,560,"Tremere"
"267","982 000167929112",2018-07-26,598,"Tremere"
"268","982 000167929243",2016-07-08,582,"Tremere"
"269","982 000167929243",2017-05-23,598,"Tremere"
"270","982 000167929243",2018-07-26,648,"Tremere"
"271","982 000186092895",2016-07-12,526,"Tremere"
"272","982 000186092895",2017-06-12,578,"Tremere"
"273","982 000186092895",2018-07-23,608,"Tremere"
"274","982 000186093168",2016-07-12,496,"Tremere"
"275","982 000186093168",2017-06-12,620,"Tremere"
"276","982 000186093168",2018-07-23,632,"Tremere"
"277","982 000186097482",2016-07-12,598,"Tremere"
"278","982 000186097482",2017-06-12,620,"Tremere"
"279","982 000186097482",2018-07-31,666,"Tremere"
"280","982 123458795037",2016-07-08,572,"Tremere"
"281","982 123458795037",2017-05-23,608,"Tremere"
"282","982 123458795037",2018-07-26,606,"Tremere"
"283","982 123475155358",2016-07-12,566,"Tremere"
"284","982 123475155358",2017-06-12,624,"Tremere"
"285","982 123475155358",2018-07-23,688,"Tremere"
"286","982 123475155398",2017-02-21,596,"Tremere"
"287","982 123475155398",2017-06-12,608,"Tremere"
"288","982 123475155398",2018-07-23,610,"Tremere"
"289","982 123487738306",2017-01-26,372,"Tremere"
"290","982 123487738306",2017-06-12,578,"Tremere"
"291","982 123487738306",2018-07-23,592,"Tremere"
"292","982 123518924750",2016-12-13,290,"Tremere"
"293","982 123518924750",2017-08-23,371,"Tremere"
"294","982 123518924750",2018-07-26,408,"Tremere"
"295","982 123518924754",2016-12-13,284,"Tremere"
"296","982 123518924754",2017-08-23,372,"Tremere"
"297","982 123518924754",2018-07-26,578,"Tremere"
"298","982 123518924767",2016-12-13,306,"Tremere"
"299","982 123518924767",2017-08-23,399,"Tremere"
"300","982 123518924767",2018-07-26,497,"Tremere"
"301","982 123518924795",2016-12-13,297,"Tremere"
"302","982 123518924795",2017-08-23,389,"Tremere"
"303","982 123518924795",2018-07-26,504,"Tremere"
"304","982 123518924866",2016-12-13,297,"Tremere"
"305","982 123518924866",2017-08-23,414,"Tremere"
"306","982 123518924866",2018-07-23,451,"Tremere"
"307","982 123518924867",2016-12-13,283,"Tremere"
"308","982 123518924867",2017-08-23,392,"Tremere"
"309","982 123518924867",2018-07-26,445,"Tremere"
"310","982 123518924868",2016-12-13,232,"Tremere"
"311","982 123518924868",2017-08-23,299,"Tremere"
"312","982 123518924868",2018-07-26,410,"Tremere"
"313","982 123518924872",2016-12-13,321,"Tremere"
"314","982 123518924872",2017-08-23,437,"Tremere"
"315","982 123518924872",2018-07-26,636,"Tremere"
"316","982 123518924881",2016-12-13,321,"Tremere"
"317","982 123518924881",2017-08-23,402,"Tremere"
"318","982 123518924881",2018-07-23,481,"Tremere"
"319","982 123518924883",2016-12-13,263,"Tremere"
"320","982 123518924883",2017-08-23,378,"Tremere"
"321","982 123518924883",2018-07-23,558,"Tremere"
"322","982 123518924884",2016-12-13,252,"Tremere"
"323","982 123518924884",2017-08-23,368,"Tremere"
"324","982 123518924884",2018-07-31,544,"Tremere"
"325","982 123518924889",2016-12-13,300,"Tremere"
"326","982 123518924889",2017-08-23,399,"Tremere"
"327","982 123518924889",2018-07-23,439,"Tremere"
"328","982 123518924899",2016-12-13,269,"Tremere"
"329","982 123518924899",2017-08-23,359,"Tremere"
"330","982 123518924899",2018-07-26,479,"Tremere"
"331","982 123518924931",2017-11-17,252,"Tremere"
"332","982 123518924931",2017-11-27,251,"Tremere"
"333","982 123518924931",2018-07-25,396,"Tremere"
"334","982 123518924959",2016-12-13,251,"Tremere"
"335","982 123518924959",2017-08-23,333,"Tremere"
"336","982 123518924959",2018-07-23,382,"Tremere"
"337","982 123518924995",2016-05-26,202,"Tremere"
"338","982 123518924995",2016-12-13,306,"Tremere"
"339","982 123518924995",2017-08-23,410,"Tremere"
"340","982 123518924997",2016-12-13,282,"Tremere"
"341","982 123518924997",2017-08-23,393,"Tremere"
"342","982 123518924997",2018-07-26,459,"Tremere"
"343","982 123518925027",2016-12-13,292,"Tremere"
"344","982 123518925027",2017-08-23,402,"Tremere"
"345","982 123518925027",2018-07-26,638,"Tremere"
"346","982 123518925028",2016-12-13,309,"Tremere"
"347","982 123518925028",2017-08-23,416,"Tremere"
"348","982 123518925028",2018-07-26,640,"Tremere"
"349","982 123518925031",2016-12-13,315,"Tremere"
"350","982 123518925031",2017-08-23,390,"Tremere"
"351","982 123518925031",2018-07-23,487,"Tremere"
"352","982 123518925039",2016-12-13,271,"Tremere"
"353","982 123518925039",2017-08-23,406,"Tremere"
"354","982 123518925039",2018-07-26,596,"Tremere"
"355","982 123518925046",2016-12-13,275,"Tremere"
"356","982 123518925046",2017-08-23,390,"Tremere"
"357","982 123518925046",2018-07-26,465,"Tremere"
"358","982 123518925047",2016-12-13,238,"Tremere"
"359","982 123518925047",2017-08-23,348,"Tremere"
"360","982 123518925047",2018-07-31,588,"Tremere"
"361","982 123518925065",2016-10-08,562,"Tremere"
"362","982 123518925065",2017-05-23,570,"Tremere"
"363","982 123518925065",2018-07-26,660,"Tremere"
"364","982 123518925067",2016-10-08,630,"Tremere"
"365","982 123518925067",2017-05-23,660,"Tremere"
"366","982 123518925067",2018-07-26,694,"Tremere"
"367","982 123518925070",2016-10-08,630,"Tremere"
"368","982 123518925070",2017-05-23,616,"Tremere"
"369","982 123518925070",2018-07-26,616,"Tremere"
"370","982 123518925072",2016-12-13,250,"Tremere"
"371","982 123518925072",2017-08-23,335,"Tremere"
"372","982 123518925072",2018-07-26,522,"Tremere"
"373","982 123518925074",2016-12-13,241,"Tremere"
"374","982 123518925074",2017-08-23,330,"Tremere"
"375","982 123518925074",2018-07-26,418,"Tremere"
"376","982 123518925078",2016-10-08,646,"Tremere"
"377","982 123518925078",2017-05-23,628,"Tremere"
"378","982 123518925078",2018-07-26,662,"Tremere"
"379","982 123518925083",2016-10-08,658,"Tremere"
"380","982 123518925083",2017-05-23,634,"Tremere"
"381","982 123518925083",2018-07-26,662,"Tremere"
"382","982 123518925084",2016-10-08,568,"Tremere"
"383","982 123518925084",2017-05-23,592,"Tremere"
"384","982 123518925084",2018-07-26,618,"Tremere"
"385","982 123518925086",2016-10-08,512,"Tremere"
"386","982 123518925086",2017-05-23,536,"Tremere"
"387","982 123518925086",2018-07-26,566,"Tremere"
"388","982 123518925087",2016-10-08,682,"Tremere"
"389","982 123518925087",2017-05-23,710,"Tremere"
"390","982 123518925087",2018-07-26,774,"Tremere"
"391","982 123518925090",2016-10-08,520,"Tremere"
"392","982 123518925090",2017-05-23,526,"Tremere"
"393","982 123518925090",2018-07-26,606,"Tremere"
"394","982 123518925092",2016-10-08,584,"Tremere"
"395","982 123518925092",2017-05-23,622,"Tremere"
"396","982 123518925092",2018-07-26,676,"Tremere"
"397","982 123518925094",2016-10-08,576,"Tremere"
"398","982 123518925094",2017-05-23,590,"Tremere"
"399","982 123518925094",2018-07-26,598,"Tremere"
"400","982 123518925096",2016-10-08,584,"Tremere"
"401","982 123518925096",2017-05-23,596,"Tremere"
"402","982 123518925096",2018-07-26,614,"Tremere"
"403","982 123518925097",2016-07-08,518,"Tremere"
"404","982 123518925097",2017-05-23,510,"Tremere"
"405","982 123518925097",2018-07-26,536,"Tremere"
"406","982 123518925098",2016-10-08,536,"Tremere"
"407","982 123518925098",2017-05-23,552,"Tremere"
"408","982 123518925098",2018-07-26,642,"Tremere"
"409","982 123518925099",2016-10-08,578,"Tremere"
"410","982 123518925099",2017-05-23,594,"Tremere"
"411","982 123518925099",2018-07-26,616,"Tremere"
"412","982 123518925100",2016-10-08,628,"Tremere"
"413","982 123518925100",2017-05-23,632,"Tremere"
"414","982 123518925100",2018-07-26,680,"Tremere"
"415","982 123518925126",2016-10-08,620,"Tremere"
"416","982 123518925126",2017-05-23,610,"Tremere"
"417","982 123518925126",2018-07-26,628,"Tremere"
"418","982 123518925408",2016-07-01,568,"Tremere"
"419","982 123518925408",2017-05-23,656,"Tremere"
"420","982 123518925408",2018-07-26,614,"Tremere"
"421","982 123518925416",2016-12-13,179.5,"Tremere"
"422","982 123518925416",2017-08-23,287,"Tremere"
"423","982 123518925416",2018-07-26,467,"Tremere"
"424","982 123518925434",2016-07-12,558,"Tremere"
"425","982 123518925434",2017-06-12,596,"Tremere"
"426","982 123518925434",2018-07-23,612,"Tremere"
"427","982 123518925438",2016-07-12,469,"Tremere"
"428","982 123518925438",2017-06-12,532,"Tremere"
"429","982 123518925438",2018-07-23,656,"Tremere"
"430","982 123518925444",2016-07-01,486,"Tremere"
"431","982 123518925444",2017-05-23,558,"Tremere"
"432","982 123518925444",2018-07-26,622,"Tremere"
"433","982 123518926244",2016-07-08,618,"Tremere"
"434","982 123518926244",2017-05-23,604,"Tremere"
"435","982 123518926244",2018-07-26,616,"Tremere"
"436","982 123518926248",2017-01-26,348,"Tremere"
"437","982 123518926248",2017-06-12,414,"Tremere"
"438","982 123518926256",2017-01-26,403,"Tremere"
"439","982 123518926256",2017-06-12,504,"Tremere"
"440","982 123518926256",2018-07-23,614,"Tremere"
"441","982 123518926257",2016-07-08,610,"Tremere"
"442","982 123518926257",2017-05-23,608,"Tremere"
"443","982 123518926257",2018-07-26,614,"Tremere"
"444","982 123518926258",2017-01-26,344,"Tremere"
"445","982 123518926258",2017-06-12,431,"Tremere"
"446","982 123518926258",2018-07-23,638,"Tremere"
"447","982 123518926260",2016-07-08,576,"Tremere"
"448","982 123518926260",2017-05-23,566,"Tremere"
"449","982 123518926260",2018-07-26,600,"Tremere"
"450","982 123518926263",2017-01-26,464,"Tremere"
"451","982 123518926263",2017-06-12,560,"Tremere"
"452","982 123518926263",2018-07-23,766,"Tremere"
"453","982 123518926266",2017-01-26,367,"Tremere"
"454","982 123518926266",2017-06-12,490,"Tremere"
"455","982 123518926266",2018-07-23,670,"Tremere"
"456","982 123518926274",2017-01-26,395,"Tremere"
"457","982 123518926274",2017-06-12,566,"Tremere"
"458","982 123518926274",2018-07-23,666,"Tremere"
"459","982 123518926279",2017-01-26,492,"Tremere"
"460","982 123518926279",2017-06-12,582,"Tremere"
"461","982 123518926279",2018-07-23,690,"Tremere"
"462","982 123518926286",2017-01-26,508,"Tremere"
"463","982 123518926286",2017-06-12,544,"Tremere"
"464","982 123518926286",2018-07-23,532,"Tremere"
"465","982 123518926290",2017-01-26,355,"Tremere"
"466","982 123518926290",2017-06-12,456,"Tremere"
"467","982 123518926290",2018-07-23,598,"Tremere"
"468","982 123518926301",2016-07-08,550,"Tremere"
"469","982 123518926301",2017-05-23,566,"Tremere"
"470","982 123518926301",2018-07-26,574,"Tremere"
"471","982 123518926306",2017-01-26,370,"Tremere"
"472","982 123518926306",2017-06-12,574,"Tremere"
"473","982 123518926306",2018-07-23,512,"Tremere"
"474","982 123518926308",2016-07-12,449,"Tremere"
"475","982 123518926308",2017-06-12,487,"Tremere"
"476","982 123518926308",2018-07-23,546,"Tremere"
"477","982 123518926310",2017-01-26,373,"Tremere"
"478","982 123518926310",2017-06-12,452,"Tremere"
"479","982 123518926310",2018-07-23,654,"Tremere"
"480","982 123518926320",2017-01-26,429,"Tremere"
"481","982 123518926320",2017-06-12,546,"Tremere"
"482","982 123518926320",2018-07-23,696,"Tremere"
"483","982 123518926324",2016-07-08,588,"Tremere"
"484","982 123518926324",2017-05-23,616,"Tremere"
"485","982 123518926324",2018-07-26,580,"Tremere"
"486","982 123518926325",2016-07-12,600,"Tremere"
"487","982 123518926325",2017-06-12,682,"Tremere"
"488","982 123518926325",2018-07-23,742,"Tremere"
"489","982 123518926329",2017-01-26,423,"Tremere"
"490","982 123518926329",2017-06-12,526,"Tremere"
"491","982 123518926329",2018-07-23,574,"Tremere"
"492","982 123518926331",2016-07-08,520,"Tremere"
"493","982 123518926331",2017-05-23,520,"Tremere"
"494","982 123518926331",2018-07-26,532,"Tremere"
"495","982 123518926332",2016-07-12,386,"Tremere"
"496","982 123518926332",2017-06-12,538,"Tremere"
"497","982 123518926332",2018-07-23,618,"Tremere"
"498","982 123531903453",2019-04-29,365,"Tremere"
"499","982 123531903453",2019-05-23,396,"Tremere"
"500","982 123531903453",2019-08-30,435,"Tremere"
"501","982 123531903479",2019-04-29,342,"Tremere"
"502","982 123531903479",2019-05-23,372,"Tremere"
"503","982 123531903479",2019-08-30,405,"Tremere"
"504","982 123531903481",2019-04-29,328,"Tremere"
"505","982 123531903481",2019-05-23,366,"Tremere"
"506","982 123531903481",2019-08-30,409,"Tremere"
"507","982 123531903537",2019-04-29,427,"Tremere"
"508","982 123531903537",2019-05-23,469,"Tremere"
"509","982 123531903537",2019-08-30,506,"Tremere"
"510","982 123531903553",2019-04-29,351,"Tremere"
"511","982 123531903553",2019-05-23,366,"Tremere"
"512","982 123531903553",2019-08-30,431,"Tremere"
"513","982 123531903587",2019-04-29,360,"Tremere"
"514","982 123531903587",2019-05-23,390,"Tremere"
"515","982 123531903587",2019-08-30,439,"Tremere"
"516","982 123531903605",2019-04-29,373,"Tremere"
"517","982 123531903605",2019-05-23,417,"Tremere"
"518","982 123531903605",2019-08-30,439,"Tremere"
"519","982 123531903608",2019-04-29,398,"Tremere"
"520","982 123531903608",2019-05-23,422,"Tremere"
"521","982 123531903608",2019-08-30,491,"Tremere"
"522","982 123531903611",2019-04-29,368,"Tremere"
"523","982 123531903611",2019-05-23,397,"Tremere"
"524","982 123531903611",2019-08-30,456,"Tremere"
"525","982 123531903637",2019-04-29,364,"Tremere"
"526","982 123531903637",2019-05-23,389,"Tremere"
"527","982 123531903637",2019-08-30,425,"Tremere"
"528","982 123531903640",2019-04-29,334,"Tremere"
"529","982 123531903640",2019-05-23,369,"Tremere"
"530","982 123531903640",2019-08-30,414,"Tremere"
"531","982 123531903642",2019-04-29,370,"Tremere"
"532","982 123531903642",2019-05-23,400,"Tremere"
"533","982 123531903642",2019-08-30,439,"Tremere"
"534","982 123531903647",2019-04-29,344,"Tremere"
"535","982 123531903647",2019-05-23,365,"Tremere"
"536","982 123531903647",2019-08-30,411,"Tremere"
"537","982 123531903650",2019-04-29,352,"Tremere"
"538","982 123531903650",2019-05-23,385,"Tremere"
"539","982 123531903650",2019-08-30,421,"Tremere"
"540","982 123531903651",2019-04-29,375,"Tremere"
"541","982 123531903651",2019-05-23,415,"Tremere"
"542","982 123531903651",2019-08-30,451,"Tremere"
"543","982 123531903654",2019-04-29,367,"Tremere"
"544","982 123531903654",2019-05-23,397,"Tremere"
"545","982 123531903654",2019-08-30,441,"Tremere"
"546","982 123531903656",2019-04-29,375,"Tremere"
"547","982 123531903656",2019-05-23,410,"Tremere"
"548","982 123531903656",2019-08-30,414,"Tremere"
"549","982 123531903659",2019-04-29,371,"Tremere"
"550","982 123531903659",2019-05-23,415,"Tremere"
"551","982 123531903659",2019-08-30,466,"Tremere"
"552","982 123531903660",2019-04-29,351,"Tremere"
"553","982 123531903660",2019-05-23,382,"Tremere"
"554","982 123531903660",2019-08-30,436,"Tremere"
"555","982 123531903661",2019-04-29,327,"Tremere"
"556","982 123531903661",2019-05-23,352,"Tremere"
"557","982 123531903661",2019-08-30,386,"Tremere"
"558","982 123531903662",2019-04-29,384,"Tremere"
"559","982 123531903662",2019-05-23,417,"Tremere"
"560","982 123531903662",2019-08-30,442,"Tremere"
"561","982 123531903663",2019-04-29,333,"Tremere"
"562","982 123531903663",2019-05-23,367,"Tremere"
"563","982 123531903663",2019-08-30,412,"Tremere"
"564","982 123531903669",2019-04-29,341,"Tremere"
"565","982 123531903669",2019-05-23,371,"Tremere"
"566","982 123531903669",2019-08-30,414,"Tremere"
"567","982 123531903675",2019-04-29,347,"Tremere"
"568","982 123531903675",2019-05-23,385,"Tremere"
"569","982 123531903675",2019-08-30,443,"Tremere"
"570","982 123531903677",2019-04-29,355,"Tremere"
"571","982 123531903677",2019-05-23,375,"Tremere"
"572","982 123531903677",2019-08-30,430,"Tremere"
"573","982 123531903682",2019-04-29,378,"Tremere"
"574","982 123531903682",2019-05-23,392,"Tremere"
"575","982 123531903682",2019-08-30,454,"Tremere"
"576","982 123531903683",2019-04-29,349,"Tremere"
"577","982 123531903683",2019-05-23,371,"Tremere"
"578","982 123531903683",2019-08-30,421,"Tremere"
"579","982 123531903903",2019-04-29,352,"Tremere"
"580","982 123531903903",2019-05-23,391,"Tremere"
"581","982 123531903903",2019-08-30,433,"Tremere"
"582","982 123531903907",2019-04-29,334,"Tremere"
"583","982 123531903907",2019-05-23,376,"Tremere"
"584","982 123531903907",2019-08-30,411,"Tremere"
"585","982 123531903937",2016-07-12,642,"Tremere"
"586","982 123531903937",2017-06-12,686,"Tremere"
"587","982 123531903937",2018-07-23,722,"Tremere"
"588","982 123531903942",2016-07-12,622,"Tremere"
"589","982 123531903942",2017-06-12,654,"Tremere"
"590","982 123531903942",2018-07-23,712,"Tremere"
"591","982 123531903945",2016-07-12,558,"Tremere"
"592","982 123531903945",2017-06-12,588,"Tremere"
"593","982 123531903945",2018-07-31,628,"Tremere"
"594","982 123531903946",2016-07-12,520,"Tremere"
"595","982 123531903946",2017-06-12,544,"Tremere"
"596","982 123531903946",2018-07-23,558,"Tremere"
"597","982 123531903948",2016-07-08,636,"Tremere"
"598","982 123531903948",2017-05-23,650,"Tremere"
"599","982 123531903948",2018-07-26,620,"Tremere"
"600","982 123531903950",2016-07-08,662,"Tremere"
"601","982 123531903950",2017-05-23,668,"Tremere"
"602","982 123531903950",2018-07-26,634,"Tremere"
"603","982 123531903951",2016-07-08,548,"Tremere"
"604","982 123531903951",2017-05-23,552,"Tremere"
"605","982 123531903951",2018-07-26,566,"Tremere"
"606","982 123531903952",2016-07-12,516,"Tremere"
"607","982 123531903952",2017-06-12,544,"Tremere"
"608","982 123531903952",2018-07-23,588,"Tremere"
"609","982 123531903954",2016-07-12,550,"Tremere"
"610","982 123531903954",2017-06-12,604,"Tremere"
"611","982 123531903954",2018-07-23,682,"Tremere"
"612","982 123531903955",2016-07-12,562,"Tremere"
"613","982 123531903955",2017-06-12,578,"Tremere"
"614","982 123531903955",2018-07-23,636,"Tremere"
"615","982 123531903956",2016-07-12,516,"Tremere"
"616","982 123531903956",2017-06-12,564,"Tremere"
"617","982 123531903956",2018-07-23,606,"Tremere"
"618","982 123531903957",2016-07-12,574,"Tremere"
"619","982 123531903957",2017-06-12,586,"Tremere"
"620","982 123531903957",2018-07-23,630,"Tremere"
"621","982 123531903958",2016-07-08,544,"Tremere"
"622","982 123531903958",2017-05-23,566,"Tremere"
"623","982 123531903958",2018-07-26,600,"Tremere"
"624","982 123531903960",2016-07-12,556,"Tremere"
"625","982 123531903960",2017-06-12,608,"Tremere"
"626","982 123531903960",2018-07-23,690,"Tremere"
"627","982 123531903962",2016-07-12,622,"Tremere"
"628","982 123531903962",2017-06-12,652,"Tremere"
"629","982 123531903962",2018-07-23,662,"Tremere"
"630","982 123531903963",2016-07-12,524,"Tremere"
"631","982 123531903963",2017-06-12,544,"Tremere"
"632","982 123531903963",2018-07-23,640,"Tremere"
"633","982 123531903964",2016-07-12,524,"Tremere"
"634","982 123531903964",2017-06-12,556,"Tremere"
"635","982 123531903964",2018-07-23,624,"Tremere"
"636","982 123531903966",2016-07-12,506,"Tremere"
"637","982 123531903966",2017-06-12,574,"Tremere"
"638","982 123531903966",2018-07-23,558,"Tremere"
"639","982 123531903972",2016-07-12,524,"Tremere"
"640","982 123531903972",2017-05-23,626,"Tremere"
"641","982 123531903972",2018-07-26,638,"Tremere"
"642","982 123531903973",2016-07-01,576,"Tremere"
"643","982 123531903973",2017-05-23,632,"Tremere"
"644","982 123531903973",2018-07-26,624,"Tremere"
"645","982 123531903975",2017-05-23,374,"Tremere"
"646","982 123531903975",2018-04-18,596,"Tremere"
"647","982 123531903975",2018-07-26,596,"Tremere"
"648","982 123531903976",2016-07-12,628,"Tremere"
"649","982 123531903976",2017-06-12,676,"Tremere"
"650","982 123531903976",2018-07-23,686,"Tremere"
"651","982 123531903977",2016-07-08,580,"Tremere"
"652","982 123531903977",2017-05-23,598,"Tremere"
"653","982 123531903977",2018-07-26,670,"Tremere"
"654","982 123531903981",2016-07-08,564,"Tremere"
"655","982 123531903981",2017-05-23,598,"Tremere"
"656","982 123531903981",2018-07-26,632,"Tremere"
"657","982 123531903982",2016-07-08,576,"Tremere"
"658","982 123531903982",2017-05-23,616,"Tremere"
"659","982 123531903982",2018-07-26,624,"Tremere"
"660","982 123531903985",2016-07-08,564,"Tremere"
"661","982 123531903985",2017-05-23,592,"Tremere"
"662","982 123531903985",2018-07-26,540,"Tremere"
"663","982 123531904002",2016-12-13,223,"Tremere"
"664","982 123531904002",2017-08-23,324,"Tremere"
"665","982 123531904002",2018-07-26,502,"Tremere"
"666","982 123531904044",2019-04-29,372,"Tremere"
"667","982 123531904044",2019-05-23,406,"Tremere"
"668","982 123531904044",2019-08-30,435,"Tremere"
"669","982 123531904046",2019-04-29,367,"Tremere"
"670","982 123531904046",2019-05-23,375,"Tremere"
"671","982 123531904046",2019-08-30,442,"Tremere"
"672","982 123531904047",2019-04-29,361,"Tremere"
"673","982 123531904047",2019-05-23,424,"Tremere"
"674","982 123531904047",2019-08-30,442,"Tremere"
"675","982 123531904049",2019-04-29,330,"Tremere"
"676","982 123531904049",2019-05-23,365,"Tremere"
"677","982 123531904049",2019-08-30,421,"Tremere"
"678","982 123531904052",2019-04-29,347,"Tremere"
"679","982 123531904052",2019-05-23,369,"Tremere"
"680","982 123531904052",2019-08-30,402,"Tremere"
"681","982 123531904056",2019-04-29,344,"Tremere"
"682","982 123531904056",2019-05-23,385,"Tremere"
"683","982 123531904056",2019-08-30,425,"Tremere"
"684","982 123531904057",2019-04-29,354,"Tremere"
"685","982 123531904057",2019-05-23,383,"Tremere"
"686","982 123531904057",2019-08-30,435,"Tremere"
"687","982 123531904059",2019-01-31,330,"Tremere"
"688","982 123531904059",2019-05-23,379,"Tremere"
"689","982 123531904059",2019-08-30,420,"Tremere"
"690","982 123531904060",2019-04-29,359,"Tremere"
"691","982 123531904060",2019-05-23,382,"Tremere"
"692","982 123531904060",2019-08-30,431,"Tremere"
"693","982 123531904061",2019-04-29,352,"Tremere"
"694","982 123531904061",2019-05-23,382,"Tremere"
"695","982 123531904061",2019-08-30,406,"Tremere"
"696","982 123531904067",2019-04-29,365,"Tremere"
"697","982 123531904067",2019-05-23,402,"Tremere"
"698","982 123531904067",2019-08-30,444,"Tremere"
"699","982 123531904068",2019-04-29,375,"Tremere"
"700","982 123531904068",2019-05-23,411,"Tremere"
"701","982 123531904068",2019-08-30,473,"Tremere"
"702","982 123531904073",2019-04-29,377,"Tremere"
"703","982 123531904073",2019-05-23,412,"Tremere"
"704","982 123531904073",2019-08-30,453,"Tremere"
"705","982 123531904074",2019-04-29,306,"Tremere"
"706","982 123531904074",2019-05-23,338,"Tremere"
"707","982 123531904074",2019-08-30,362,"Tremere"
"708","982 123531904079",2019-04-29,302,"Tremere"
"709","982 123531904079",2019-05-23,310,"Tremere"
"710","982 123531904079",2019-08-30,344,"Tremere"
"711","982 123531904081",2019-04-29,318,"Tremere"
"712","982 123531904081",2019-05-23,354,"Tremere"
"713","982 123531904081",2019-08-30,362,"Tremere"
"714","982 123531904082",2019-04-29,321,"Tremere"
"715","982 123531904082",2019-05-23,355,"Tremere"
"716","982 123531904082",2019-08-30,389,"Tremere"
"717","982 123531904085",2019-04-29,335,"Tremere"
"718","982 123531904085",2019-05-23,364,"Tremere"
"719","982 123531904085",2019-08-30,430,"Tremere"
"720","982 123531904093",2018-09-05,212,"Tremere"
"721","982 123531904093",2018-11-18,236,"Tremere"
"722","982 123531904093",2019-08-30,385,"Tremere"
"723","982 123531904107",2019-04-29,307,"Tremere"
"724","982 123531904107",2019-05-23,339,"Tremere"
"725","982 123531904107",2019-08-30,369,"Tremere"
"726","982 123531904126",2019-04-29,392,"Tremere"
"727","982 123531904126",2019-05-23,427,"Tremere"
"728","982 123531904126",2019-08-30,467,"Tremere"
"729","982 123552415517",2016-07-12,580,"Tremere"
"730","982 123552415517",2017-06-12,586,"Tremere"
"731","982 123552415517",2018-07-23,606,"Tremere"
"732","982 123552415519",2016-07-12,544,"Tremere"
"733","982 123552415519",2017-06-12,570,"Tremere"
"734","982 123552415519",2018-07-23,634,"Tremere"
"735","982 123552415520",2017-05-23,444,"Tremere"
"736","982 123552415520",2018-07-26,510,"Tremere"
"737","982 123552415520",2019-04-10,468,"Tremere"
"738","982 123552415521",2016-07-12,506,"Tremere"
"739","982 123552415521",2017-06-12,562,"Tremere"
"740","982 123552415521",2018-07-23,618,"Tremere"
"741","982 123552415529",2016-07-08,650,"Tremere"
"742","982 123552415529",2017-05-23,672,"Tremere"
"743","982 123552415529",2018-07-26,706,"Tremere"
"744","982 123552415531",2016-07-08,562,"Tremere"
"745","982 123552415531",2017-05-23,566,"Tremere"
"746","982 123552415531",2018-07-26,572,"Tremere"
"747","982 123552415535",2016-07-12,467,"Tremere"
"748","982 123552415535",2017-06-12,554,"Tremere"
"749","982 123552415535",2018-07-23,582,"Tremere"
"750","982 123552415536",2016-07-12,594,"Tremere"
"751","982 123552415536",2017-06-12,622,"Tremere"
"752","982 123552415536",2018-07-23,626,"Tremere"
"753","982 123552415541",2016-07-12,518,"Tremere"
"754","982 123552415541",2017-06-12,560,"Tremere"
"755","982 123552415541",2018-07-23,640,"Tremere"
"756","982 123552415554",2016-07-12,488,"Tremere"
"757","982 123552415554",2017-06-12,572,"Tremere"
"758","982 123552415554",2018-07-23,578,"Tremere"
"759","982 123552415556",2016-07-12,437,"Tremere"
"760","982 123552415556",2017-06-12,481,"Tremere"
"761","982 123552415556",2018-07-23,502,"Tremere"
"762","982 123552415557",2016-07-01,508,"Tremere"
"763","982 123552415557",2017-05-23,612,"Tremere"
"764","982 123552415557",2018-07-26,570,"Tremere"
"765","982 123552415558",2016-07-12,582,"Tremere"
"766","982 123552415558",2017-06-12,630,"Tremere"
"767","982 123552415558",2018-07-23,652,"Tremere"
"768","982 123552415561",2016-07-12,546,"Tremere"
"769","982 123552415561",2017-06-12,596,"Tremere"
"770","982 123552415561",2018-07-23,658,"Tremere"
"771","982 123552415563",2016-07-12,706,"Tremere"
"772","982 123552415563",2017-06-12,676,"Tremere"
"773","982 123552415563",2018-07-23,724,"Tremere"
"774","982 123552415665",2016-07-08,674,"Tremere"
"775","982 123552415665",2017-05-23,672,"Tremere"
"776","982 123552415665",2018-07-26,690,"Tremere"
"777","982 123552415667",2016-07-08,554,"Tremere"
"778","982 123552415667",2017-05-23,580,"Tremere"
"779","982 123552415667",2018-07-26,578,"Tremere"
"780","982 123552415669",2016-07-08,606,"Tremere"
"781","982 123552415669",2017-05-23,632,"Tremere"
"782","982 123552415669",2018-07-26,656,"Tremere"
"783","982 123552415674",2016-08-16,328,"Tremere"
"784","982 123552415674",2017-05-23,389,"Tremere"
"785","982 123552415674",2018-07-26,616,"Tremere"
"786","982 123552415677",2016-07-12,380,"Tremere"
"787","982 123552415677",2017-06-12,421,"Tremere"
"788","982 123552415677",2018-07-26,508,"Tremere"
"789","982 123552415678",2016-08-16,372,"Tremere"
"790","982 123552415678",2017-05-23,436,"Tremere"
"791","982 123552415678",2018-07-26,662,"Tremere"
"792","982 123552415679",2016-07-08,600,"Tremere"
"793","982 123552415679",2017-05-23,606,"Tremere"
"794","982 123552415679",2018-07-26,624,"Tremere"
"795","982 123552415686",2016-07-08,648,"Tremere"
"796","982 123552415686",2017-05-23,654,"Tremere"
"797","982 123552415686",2018-07-26,652,"Tremere"
"798","982 123552415687",2016-07-08,606,"Tremere"
"799","982 123552415687",2017-05-23,574,"Tremere"
"800","982 123552415687",2018-07-26,618,"Tremere"
"801","982 123723780482",2016-07-08,638,"Tremere"
"802","982 123723780482",2017-05-23,658,"Tremere"
"803","982 123723780482",2018-07-26,708,"Tremere"
"804","982 123723780499",2016-07-08,546,"Tremere"
"805","982 123723780499",2017-05-23,578,"Tremere"
"806","982 123723780499",2018-07-26,616,"Tremere"
"807","982 123723780514",2016-08-16,343,"Tremere"
"808","982 123723780514",2017-05-23,412,"Tremere"
"809","982 123723780514",2018-07-26,500,"Tremere"
"810","982 123723780742",2017-01-26,470,"Tremere"
"811","982 123723780742",2017-06-12,592,"Tremere"
"812","982 123723780742",2018-07-23,696,"Tremere"
"813","982 123723780743",2016-07-12,508,"Tremere"
"814","982 123723780743",2017-06-12,554,"Tremere"
"815","982 123723780743",2018-07-23,608,"Tremere"
"816","982 123723780747",2016-07-12,532,"Tremere"
"817","982 123723780747",2017-06-12,566,"Tremere"
"818","982 123723780747",2018-07-23,612,"Tremere"
"819","982 123723780754",2016-07-12,514,"Tremere"
"820","982 123723780754",2017-06-12,586,"Tremere"
"821","982 123723780754",2018-07-23,646,"Tremere"
"822","982 123723780759",2016-07-12,610,"Tremere"
"823","982 123723780759",2017-06-12,634,"Tremere"
"824","982 123723780759",2018-07-23,660,"Tremere"
"825","982 123723780764",2016-07-12,522,"Tremere"
"826","982 123723780764",2017-06-12,560,"Tremere"
"827","982 123723780764",2018-07-23,604,"Tremere"
"828","982 123723780770",2016-07-12,604,"Tremere"
"829","982 123723780770",2017-06-12,672,"Tremere"
"830","982 123723780770",2018-07-23,614,"Tremere"
"831","982 123723780776",2016-07-12,544,"Tremere"
"832","982 123723780776",2017-06-12,560,"Tremere"
"833","982 123723780776",2018-07-23,572,"Tremere"
"834","982 123723780778",2016-08-16,398,"Tremere"
"835","982 123723780778",2017-05-23,500,"Tremere"
"836","982 123723780778",2018-07-26,568,"Tremere"
"837","982 123723780859",2016-07-12,544,"Tremere"
"838","982 123723780859",2017-06-12,596,"Tremere"
"839","982 123723780859",2018-07-26,616,"Tremere"
"840","982 123723781132",2016-07-08,558,"Tremere"
"841","982 123723781132",2017-05-23,580,"Tremere"
"842","982 123723781132",2018-07-26,570,"Tremere"
"843","982 123723781138",2016-07-08,582,"Tremere"
"844","982 123723781138",2017-05-23,600,"Tremere"
"845","982 123723781138",2018-07-26,584,"Tremere"
"846","982 123723781152",2016-07-08,628,"Tremere"
"847","982 123723781152",2017-05-23,664,"Tremere"
"848","982 123723781152",2018-07-26,658,"Tremere"
"849","982 123723781153",2016-07-12,485,"Tremere"
"850","982 123723781153",2017-06-12,528,"Tremere"
"851","982 123723781153",2018-07-23,566,"Tremere"
"852","982 123723781170",2016-07-12,586,"Tremere"
"853","982 123723781170",2017-06-12,632,"Tremere"
"854","982 123723781170",2018-07-23,664,"Tremere"
"855","982 123737116867",2019-09-15,29.5,"Tremere"
"856","982 123737116868",2019-09-18,37.9,"Tremere"
"857","982 123737116869",2019-09-07,41.6,"Tremere"
"858","982 123737116870",2019-09-15,29.1,"Tremere"
"859","982 123737116871",2019-09-05,43.3,"Tremere"
"860","982 123737116872",2019-09-15,34.6,"Tremere"
"861","982 123737116874",2019-09-16,45.5,"Tremere"
"862","982 123737116875",2019-09-19,41.1,"Tremere"
"863","982 123737116876",2019-09-17,41.6,"Tremere"
"864","982 123737116877",2019-09-07,41.3,"Tremere"
"865","982 123737116878",2019-09-11,35.7,"Tremere"
"866","982 123737116879",2019-09-17,45.6,"Tremere"
"867","982 123737116880",2019-07-02,0,"Tremere"
"868","982 123737116881",2019-09-15,39.2,"Tremere"
"869","982 123737116882",2019-09-19,36.8,"Tremere"
"870","982 123737116883",2019-09-17,35.4,"Tremere"
"871","982 123737116884",2019-09-17,32.6,"Tremere"
"872","982 123737116885",2019-09-15,36.2,"Tremere"
"873","982 123737116886",2019-09-07,47,"Tremere"
"874","982 123737116887",2019-09-06,42.8,"Tremere"
"875","982 123737116888",2019-09-15,29.8,"Tremere"
"876","982 123737116889",2019-09-17,33,"Tremere"
"877","982 123737116890",2019-09-07,37,"Tremere"
"878","982 123737116891",2019-09-09,46.4,"Tremere"
"879","982 123737116892",2019-09-06,37.6,"Tremere"
"880","982 123737116893",2019-09-06,36.9,"Tremere"
"881","982 123737116894",2019-09-13,32.8,"Tremere"
"882","982 123737116895",2019-09-08,40.6,"Tremere"
"883","982 123737116896",2019-09-09,41,"Tremere"
"884","982 123737116897",2019-09-09,35.2,"Tremere"
"885","982 123737116898",2019-09-09,27,"Tremere"
"886","982 123737116899",2019-09-19,47.1,"Tremere"
"887","982 123737116900",2019-09-17,41.7,"Tremere"
"888","982 123737116901",2019-09-15,31.4,"Tremere"
"889","982 123737116902",2019-09-17,35.7,"Tremere"
"890","982 123737116903",2019-09-13,39.1,"Tremere"
"891","982 123737116904",2019-09-17,35.4,"Tremere"
"892","982 123737116905",2019-09-17,37.5,"Tremere"
"893","982 123737116906",2019-09-15,38.9,"Tremere"
"894","982 123737116907",2019-09-10,36.5,"Tremere"
"895","982 123737116908",2019-09-10,37.5,"Tremere"
"896","982 123737116909",2019-09-18,32.8,"Tremere"
"897","982 123737116910",2019-09-15,40.9,"Tremere"
"898","982 123737116911",2019-09-19,37,"Tremere"
"899","982 123737116912",2019-09-10,39.3,"Tremere"
"900","982 123737116913",2019-09-17,44.4,"Tremere"
"901","982 123737116914",2019-09-09,32.2,"Tremere"
"902","982 123737116915",2019-09-15,31,"Tremere"
"903","982 123737116916",2019-09-18,42.7,"Tremere"
"904","982 123737116967",2019-11-25,31.9,"Tremere"
"905","982 123737116968",2019-11-26,33.5,"Tremere"
"906","982 123737116969",2019-11-16,34.5,"Tremere"
"907","982 123737116970",2019-11-15,29.4,"Tremere"
"908","982 123737116971",2019-11-21,28.3,"Tremere"
"909","982 123737116972",2019-11-18,29.7,"Tremere"
"910","982 123737116973",2019-11-15,35.3,"Tremere"
"911","982 123737116974",2019-11-17,36.6,"Tremere"
"912","982 123737116975",2019-11-18,34,"Tremere"
"913","982 123737116976",2019-11-27,25.9,"Tremere"
"914","982 123737116977",2019-11-14,31.3,"Tremere"
"915","982 123737116978",2019-11-15,37.3,"Tremere"
"916","982 123737116979",2019-11-27,31.7,"Tremere"
"917","982 123737116980",2019-11-25,34.8,"Tremere"
"918","982 123737116981",2019-11-21,27.6,"Tremere"
"919","982 123737116982",2019-11-27,29.7,"Tremere"
"920","982 123737116983",2019-11-28,35.6,"Tremere"
"921","982 123737116984",2019-11-16,24.9,"Tremere"
"922","982 123737116985",2019-11-20,24.5,"Tremere"
"923","982 123737116986",2019-11-18,24.8,"Tremere"
"924","982 123737116987",2019-11-29,36.8,"Tremere"
"925","982 123737116988",2019-11-15,29.2,"Tremere"
"926","982 123737116989",2019-11-26,30.5,"Tremere"
"927","982 123737116990",2019-11-23,31.3,"Tremere"
"928","982 123737116991",2019-11-17,26.1,"Tremere"
"929","982 123737116992",2019-11-25,28.6,"Tremere"
"930","982 123737116993",2019-11-24,33.3,"Tremere"
"931","982 123737116994",2019-11-15,21.1,"Tremere"
"932","982 123737116995",2019-11-24,29.4,"Tremere"
"933","982 123737116996",2019-12-02,27.7,"Tremere"
"934","982 123737116997",2019-11-27,29.3,"Tremere"
"935","982 123737116998",2019-11-15,40.3,"Tremere"
"936","982 123737116999",2019-11-24,29.5,"Tremere"
"937","982 123737117000",2019-11-18,32.6,"Tremere"
"938","982 123737117001",2019-11-25,39.7,"Tremere"
"939","982 123737117002",2019-11-18,29.4,"Tremere"
"940","982 123737117003",2019-11-18,29.7,"Tremere"
"941","982 123737117004",2019-11-21,32.4,"Tremere"
"942","982 123737117005",2019-11-29,32.3,"Tremere"
"943","982 123737117006",2019-11-18,26.1,"Tremere"
"944","982 123737117007",2019-11-29,40.7,"Tremere"
"945","982 123737117008",2019-11-29,40.2,"Tremere"
"946","982 123737117009",2019-11-18,36.2,"Tremere"
"947","982 123737117010",2019-11-27,27.1,"Tremere"
"948","982 123737117011",2019-11-27,28.3,"Tremere"
"949","982 123737117012",2019-11-16,23.8,"Tremere"
"950","982 123737117013",2019-11-17,33.9,"Tremere"
"951","982 123737117014",2019-11-21,34.4,"Tremere"
"952","982 123737117015",2019-11-26,28.2,"Tremere"
"953","982 123737117016",2019-11-15,28.7,"Tremere"
"954","982 123737117219",2019-12-02,27.4,"Tremere"
"955","982 123737117220",2019-12-04,41,"Tremere"
"956","982 123737117221",2019-12-03,32.2,"Tremere"
"957","982 123737117222",2019-12-03,28,"Tremere"
"958","982 123737117223",2019-11-29,36.6,"Tremere"
"959","982 123737117224",2019-12-08,30,"Tremere"
"960","982 123737117226",2019-12-10,30.3,"Tremere"
"961","982 123737117227",2019-12-03,43.4,"Tremere"
"962","982 123737117229",2019-12-02,23.6,"Tremere"
"963","982 123737117233",2019-12-08,26.4,"Tremere"
"964","982 123737117234",2019-12-08,35.5,"Tremere"
"965","982 123737117241",2019-12-13,31,"Tremere"
"966","982 123737117244",2019-12-08,41.4,"Tremere"
"967","982 123737117247",2019-12-04,28.7,"Tremere"
"968","982 123737117248",2019-12-11,32,"Tremere"
"969","982 123737117252",2019-12-09,32.9,"Tremere"
"970","982 123737117263",2019-12-12,33.4,"Tremere"
"971","982 123737117264",2019-12-09,30.9,"Tremere"
"972","982 123737117317",2019-10-29,34.1,"Tremere"
"973","982 123737117318",2019-10-25,39.3,"Tremere"
"974","982 123737117319",2019-11-05,30.9,"Tremere"
"975","982 123737117320",2019-10-20,37.1,"Tremere"
"976","982 123737117321",2019-11-02,33.7,"Tremere"
"977","982 123737117322",2019-11-09,26.6,"Tremere"
"978","982 123737117323",2019-11-08,40.4,"Tremere"
"979","982 123737117324",2019-11-08,31.1,"Tremere"
"980","982 123737117325",2019-11-07,42.1,"Tremere"
"981","982 123737117326",2019-11-10,23.8,"Tremere"
"982","982 123737117327",2019-10-26,51.6,"Tremere"
"983","982 123737117328",2019-10-27,41.3,"Tremere"
"984","982 123737117329",2019-10-16,30.1,"Tremere"
"985","982 123737117330",2019-10-27,35.6,"Tremere"
"986","982 123737117331",2019-10-31,35.7,"Tremere"
"987","982 123737117332",2019-10-28,33,"Tremere"
"988","982 123737117333",2019-10-30,32.9,"Tremere"
"989","982 123737117334",2019-10-31,45.8,"Tremere"
"990","982 123737117335",2019-11-10,38.5,"Tremere"
"991","982 123737117336",2019-10-30,35.5,"Tremere"
"992","982 123737117337",2019-11-09,40.7,"Tremere"
"993","982 123737117338",2019-10-25,39.5,"Tremere"
"994","982 123737117339",2019-11-04,36.6,"Tremere"
"995","982 123737117340",2019-11-05,33.9,"Tremere"
"996","982 123737117341",2019-10-27,36.5,"Tremere"
"997","982 123737117342",2019-11-10,29.6,"Tremere"
"998","982 123737117343",2019-10-30,31.6,"Tremere"
"999","982 123737117344",2019-11-09,43.9,"Tremere"
"1000","982 123737117345",2019-10-16,50.4,"Tremere"
"1001","982 123737117346",2019-10-31,38.1,"Tremere"
"1002","982 123737117347",2019-11-06,37.5,"Tremere"
"1003","982 123737117348",2019-10-16,36.2,"Tremere"
"1004","982 123737117349",2019-10-28,39.5,"Tremere"
"1005","982 123737117350",2019-10-27,35.2,"Tremere"
"1006","982 123737117351",2019-11-07,36.8,"Tremere"
"1007","982 123737117352",2019-10-25,43,"Tremere"
"1008","982 123737117353",2019-10-20,42.5,"Tremere"
"1009","982 123737117354",2019-10-29,37,"Tremere"
"1010","982 123737117355",2019-10-26,39.9,"Tremere"
"1011","982 123737117356",2019-11-11,37,"Tremere"
"1012","982 123737117357",2019-11-11,41.7,"Tremere"
"1013","982 123737117358",2019-11-06,41.2,"Tremere"
"1014","982 123737117359",2019-10-28,41,"Tremere"
"1015","982 123737117360",2019-11-03,35.7,"Tremere"
"1016","982 123737117361",2019-10-14,42.9,"Tremere"
"1017","982 123737117362",2019-10-23,50.6,"Tremere"
"1018","982 123737117363",2019-11-10,45.3,"Tremere"
"1019","982 123737117364",2019-11-12,37.6,"Tremere"
"1020","982 123737117365",2019-10-28,35.4,"Tremere"
"1021","982 123737117366",2019-11-07,35.4,"Tremere"
"1022","982 123737117367",2019-10-01,38.5,"Tremere"
"1023","982 123737117368",2019-10-02,37.6,"Tremere"
"1024","982 123737117369",2019-10-14,41.2,"Tremere"
"1025","982 123737117370",2019-09-28,36.1,"Tremere"
"1026","982 123737117371",2019-10-03,36.7,"Tremere"
"1027","982 123737117373",2019-09-26,44.9,"Tremere"
"1028","982 123737117374",2019-09-29,46.1,"Tremere"
"1029","982 123737117375",2019-10-10,29.8,"Tremere"
"1030","982 123737117376",2019-10-10,34.4,"Tremere"
"1031","982 123737117377",2019-10-14,29.4,"Tremere"
"1032","982 123737117378",2019-09-28,35,"Tremere"
"1033","982 123737117379",2019-10-07,41.5,"Tremere"
"1034","982 123737117380",2019-10-14,39,"Tremere"
"1035","982 123737117381",2019-09-27,37.9,"Tremere"
"1036","982 123737117382",2019-09-27,40.6,"Tremere"
"1037","982 123737117383",2019-10-14,37.2,"Tremere"
"1038","982 123737117384",2019-09-27,31.4,"Tremere"
"1039","982 123737117385",2019-10-06,39.9,"Tremere"
"1040","982 123737117386",2019-10-01,42,"Tremere"
"1041","982 123737117387",2019-10-02,40.1,"Tremere"
"1042","982 123737117388",2019-09-28,36.1,"Tremere"
"1043","982 123737117389",2019-10-03,42,"Tremere"
"1044","982 123737117390",2019-09-30,38.2,"Tremere"
"1045","982 123737117391",2019-09-30,39.7,"Tremere"
"1046","982 123737117392",2019-09-28,40.7,"Tremere"
"1047","982 123737117393",2019-10-06,45.4,"Tremere"
"1048","982 123737117397",2019-10-03,46.2,"Tremere"
"1049","982 123737117398",2019-10-14,33.2,"Tremere"
"1050","982 123737117399",2019-09-27,30.2,"Tremere"
"1051","982 123737117400",2019-09-26,43.2,"Tremere"
"1052","982 123737117401",2019-10-12,42.7,"Tremere"
"1053","982 123737117402",2019-10-05,40.7,"Tremere"
"1054","982 123737117403",2019-10-06,40.9,"Tremere"
"1055","982 123737117404",2019-09-30,45.8,"Tremere"
"1056","982 123737117405",2019-10-10,30.5,"Tremere"
"1057","982 123737117406",2019-09-29,38.8,"Tremere"
"1058","982 123737117407",2019-09-27,40.2,"Tremere"
"1059","982 123737117408",2019-10-11,54.4,"Tremere"
"1060","982 123737117409",2019-09-29,40.8,"Tremere"
"1061","982 123737117410",2019-09-29,40.7,"Tremere"
"1062","982 123737117411",2019-10-11,49.2,"Tremere"
"1063","982 123737117412",2019-10-06,42.1,"Tremere"
"1064","982 123737117413",2019-09-27,32.3,"Tremere"
"1065","982 123737117414",2019-10-14,36,"Tremere"
"1066","982 123737117415",2019-09-27,28.8,"Tremere"
"1067","982 123737117416",2019-10-10,35.4,"Tremere"
"1068","982 123737117417",2019-09-20,35.1,"Tremere"
"1069","982 123737117418",2019-09-24,43.2,"Tremere"
"1070","982 123737117419",2019-09-22,31.4,"Tremere"
"1071","982 123737117420",2019-09-24,40.5,"Tremere"
"1072","982 123737117421",2019-09-27,41.3,"Tremere"
"1073","982 123737117422",2019-09-20,35.5,"Tremere"
"1074","982 123737117423",2019-09-20,38.4,"Tremere"
"1075","982 123737117424",2019-09-25,42.2,"Tremere"
"1076","982 123737117425",2019-09-21,31,"Tremere"
"1077","982 123737117426",2019-09-23,35.3,"Tremere"
"1078","982 123737117427",2019-09-22,39.1,"Tremere"
"1079","982 123737117428",2019-09-23,40.8,"Tremere"
"1080","982 123737117429",2019-09-21,39.1,"Tremere"
"1081","982 123737117430",2019-09-23,30.6,"Tremere"
"1082","982 123737117431",2019-09-26,33.3,"Tremere"
"1083","982 123737117432",2019-09-20,40.3,"Tremere"
"1084","982 123737117433",2019-09-21,34.6,"Tremere"
"1085","982 123737117434",2019-09-21,46,"Tremere"
"1086","982 123737117435",2019-09-21,30.2,"Tremere"
"1087","982 123737117436",2019-09-23,30.1,"Tremere"
"1088","982 123737117437",2019-09-26,38.1,"Tremere"
"1089","982 123737117438",2019-09-20,35.1,"Tremere"
"1090","982 123737117439",2019-09-19,40.4,"Tremere"
"1091","982 123737117440",2019-09-23,30.3,"Tremere"
"1092","982 123737117441",2019-09-25,39.4,"Tremere"
"1093","982 123737117442",2019-09-25,36.4,"Tremere"
"1094","982 123737117443",2019-09-21,30.5,"Tremere"
"1095","982 123737117444",2019-09-24,33.6,"Tremere"
"1096","982 123737117445",2019-09-20,35.1,"Tremere"
"1097","982 123737117446",2019-09-25,32.4,"Tremere"
"1098","982 123737117447",2019-09-24,33.6,"Tremere"
"1099","982 123737117448",2019-09-22,34.4,"Tremere"
"1100","982 123737117449",2019-09-25,42.5,"Tremere"
"1101","982 123737117450",2019-09-23,40.3,"Tremere"
"1102","982 123737117451",2019-09-22,39.2,"Tremere"
"1103","982 123737117452",2019-09-23,35.8,"Tremere"
"1104","982 123737117453",2019-09-21,32.7,"Tremere"
"1105","982 123737117454",2019-09-23,32.3,"Tremere"
"1106","982 123737117455",2019-09-24,33.9,"Tremere"
"1107","982 123737117456",2019-09-23,45.9,"Tremere"
"1108","982 123737117457",2019-09-26,38.6,"Tremere"
"1109","982 123737117458",2019-09-26,32.6,"Tremere"
"1110","982 123737117459",2019-09-26,44.1,"Tremere"
"1111","982 123737117460",2019-09-26,32.9,"Tremere"
"1112","982 123737117461",2019-09-19,27.8,"Tremere"
"1113","982 123737117462",2019-09-23,41.4,"Tremere"
"1114","982 123737117463",2019-09-23,41.6,"Tremere"
"1115","982 123737117464",2019-09-27,36.5,"Tremere"
"1116","982 123737117465",2019-09-22,39,"Tremere"
"1117","982 123737117466",2019-09-23,35.6,"Tremere"
"1118","982 123518924635",2020-02-27,395,"Tremere"
"1119","982 123518924916",2020-02-27,410,"Tremere"
"1120","982 123518924922",2020-02-27,447,"Tremere"
"1121","982 123518924910",2020-02-27,451,"Tremere"
"1122","982 123518925256",2020-02-27,401,"Tremere"
"1123","982 123518924608",2020-02-27,403,"Tremere"
"1124","982 123518924612",2020-02-27,416,"Tremere"
"1125","982 123531903173",2020-02-27,358,"Tremere"
"1126","982 123531903142",2020-02-27,455,"Tremere"
"1127","982 123518924624",2020-02-27,395,"Tremere"
"1128","982 123518924638",2020-02-27,410,"Tremere"
"1129","982 123518924607",2020-02-27,391,"Tremere"
"1130","982 123518924928",2020-02-27,450,"Tremere"
"1131","982 123518924643",2020-02-27,376,"Tremere"
"1132","982 123518924603",2020-02-27,510,"Tremere"
"1133","982 123531903159",2020-02-27,437,"Tremere"
"1134","982 123518924633",2020-02-27,390,"Tremere"
"1135","982 123518925384",2020-02-27,426,"Tremere"
"1136","982 123518924932",2020-02-27,421,"Tremere"
"1137","982 123518924906",2020-02-27,428,"Tremere"
"1138","982 123518924912",2020-02-27,413,"Tremere"
"1139","982 123531903139",2020-02-27,401,"Tremere"
"1140","982 123552415538",2020-02-27,362,"Tremere"
"1141","982 123531903149",2020-02-27,446,"Tremere"
"1142","982 123518924644",2020-02-27,435,"Tremere"
"1143","982 123531903186",2020-02-27,375,"Tremere"
"1144","982 123518925259",2020-02-27,371,"Tremere"
"1145","982 123518925393",2020-02-27,403,"Tremere"
"1146","982 123531903171",2020-02-27,419,"Tremere"
"1147","982 123531903164",2020-02-27,419,"Tremere"
"1148","982 123518924634",2020-02-27,433,"Tremere"
"1149","982 123518924935",2020-02-27,350,"Tremere"
"1150","982 123531903137",2020-02-27,414,"Tremere"
"1151","982 123518925252",2020-02-27,453,"Tremere"
"1152","982 123518924613",2020-02-27,415,"Tremere"
"1153","982 123531903154",2020-02-27,438,"Tremere"
"1154","982 123518924903",2020-02-27,334,"Tremere"
"1155","982 123531903145",2020-02-27,428,"Tremere"
"1156","982 123518925284",2020-02-27,409,"Tremere"
"1157","982 123518924615",2020-02-27,394,"Tremere"
"1158","982 123531903161",2020-02-27,373,"Tremere"
"1159","982 123531903174",2020-02-27,407,"Tremere"
"1160","982 123518925260",2020-02-27,381,"Tremere"
"1161","982 123518925375",2020-02-27,378,"Tremere"
"1162","982 123518924637",2020-02-27,457,"Tremere"
"1163","982 123531903183",2020-02-27,522,"Tremere"
"1164","982 123531903143",2020-02-27,402,"Tremere"
"1165","982 123531903168",2020-02-27,418,"Tremere"
"1166","982 123531903151",2020-02-27,394,"Tremere"
"1167","982 123518925477",2020-02-27,334,"Tremere"
"1168","982 123531903064",2020-02-27,385,"Tremere"
"1169","982 123531903209",2020-02-27,406,"Tremere"
"1170","982 123531903039",2020-02-27,441,"Tremere"
"1171","982 123531903195",2020-02-27,393,"Tremere"
"1172","982 123531903042",2020-02-27,456,"Tremere"
"1173","982 123531903045",2020-02-27,449,"Tremere"
"1174","982 123531903082",2020-02-27,392,"Tremere"
"1175","982 123531903211",2020-02-27,403,"Tremere"
"1176","982 123531903070",2020-02-27,455,"Tremere"
"1177","982 123531903233",2020-02-27,455,"Tremere"
"1178","982 123531903192",2020-02-27,495,"Tremere"
"1179","982 123531903204",2020-02-27,368,"Tremere"
"1180","982 123531903196",2020-02-27,384,"Tremere"
"1181","982 123531903096",2020-02-27,406,"Tremere"
"1182","982 123531903089",2020-02-27,482,"Tremere"
"1183","982 123531903094",2020-02-27,401,"Tremere"
"1184","982 123531903134",2020-02-27,341,"Tremere"
"1185","982 123531903088",2020-02-27,372,"Tremere"
"1186","982 123518925599",2020-02-27,428,"Tremere"
"1187","982 123518925580",2020-02-27,341,"Tremere"
"1188","982 123531903807",2020-02-27,518,"Tremere"
"1189","982 123531903792",2020-02-27,386,"Tremere"
"1190","982 123531903808",2020-02-27,385,"Tremere"
"1191","982 123531903790",2020-02-27,412,"Tremere"
"1192","982 123531903803",2020-02-27,348,"Tremere"
"1193","982 123531903812",2020-02-27,448,"Tremere"
"1194","982 123531903728",2020-02-27,403,"Tremere"
"1195","982 123531903735",2020-02-27,440,"Tremere"
"1196","982 123531903702",2020-02-27,388,"Tremere"
"1197","982 123531903705",2020-02-27,391,"Tremere"
"1198","982 123531903882",2020-02-27,412,"Tremere"
"1199","982 123531903847",2020-02-27,362,"Tremere"
"1200","982 123531903849",2020-02-27,354,"Tremere"
"1201","982 123531903867",2020-02-27,468,"Tremere"
"1202","982 123531903866",2020-02-27,372,"Tremere"
"1203","982 123531903872",2020-02-27,396,"Tremere"
"1204","982 123531903994",2020-02-27,456,"Tremere"
"1205","982 123531903860",2020-02-27,380,"Tremere"
"1206","982 123531904005",2020-02-27,342,"Tremere"
"1207","982 123531904010",2020-02-27,399,"Tremere"
"1208","982 123531903880",2020-02-27,471,"Tremere"
"1209","982 123531904019",2020-02-27,406,"Tremere"
"1210","982 123531904112",2020-02-27,438,"Tremere"
"1211","982 123531903731",2020-05-07,576,"Tremere"
"1212","982 123531903879",2020-05-07,470,"Tremere"
"1213","982 123531903800",2020-05-07,481,"Tremere"
"1214","982 123531903175",2020-02-27,445,"Tremere"
"1215","982 123518925355",2020-02-27,514,"Tremere"
"1216","982 123531903835",2020-02-27,440,"Tremere"
"1217","982 123531903950",2020-09-15,682,"Tremere"
"1218","982 123531903955",2020-09-15,620,"Tremere"
"1219","964 001005760189",2020-09-15,682,"Tremere"
"1220","982 123737117513",2020-09-15,646,"Tremere"
"1221","982 123531903982",2020-09-15,646,"Tremere"
"1222","982 123737117511",2020-09-15,700,"Tremere"
"1223","982 123518926283",2020-09-15,646,"Tremere"
"1224","982 123518924867",2020-09-15,608,"Tremere"
"1225","982 123518924767",2020-09-15,654,"Tremere"
"1226","900 093000058992",2020-09-15,608,"Tremere"
"1227","982 123518925100",2020-09-15,680,"Tremere"
"1228","982 123531903958",2020-09-15,670,"Tremere"
"1229","982 123518925434",2020-09-15,650,"Tremere"
"1230","982 000167906854",2020-09-15,710,"Tremere"
"1231","900 093000076729",2020-09-15,616,"Tremere"
"1232","982 123531904002",2020-09-15,658,"Tremere"
"1233","900 093000099109",2020-09-15,642,"Tremere"
"1234","900 093000081249",2020-09-15,656,"Tremere"
"1235","982 123518926322",2020-09-15,632,"Tremere"
"1236","982 123723780747",2020-09-15,650,"Tremere"
"1237","982 123518924997",2020-09-15,602,"Tremere"
"1238","982 000186092895",2020-09-15,686,"Tremere"
"1239","982 123723781132",2020-09-15,610,"Tremere"
"1240","982 123531903972",2020-09-15,742,"Tremere"
"1241","982 123737117478",2020-09-15,692,"Tremere"
"1242","982 123518925047",2020-09-15,660,"Tremere"
"1243","900 116003111477",2020-09-15,620,"Tremere"
"1244","964 001006027725",2020-09-15,624,"Tremere"
"1245","982 123518925444",2020-09-15,646,"Tremere"
"1246","982 123737117502",2020-09-15,770,"Tremere"
"1247","982 123518925126",2020-09-15,674,"Tremere"
"1248","982 123531903945",2020-09-15,630,"Tremere"
"1249","982 123531903956",2020-09-15,612,"Tremere"
"1250","982 123518924866",2020-09-15,604,"Tremere"
"1251","982 123552415556",2020-09-15,582,"Tremere"
"1252","982 123518926329",2020-09-15,634,"Tremere"
"1253","900 093000081758",2020-09-15,634,"Tremere"
"1254","982 123552415687",2020-09-15,672,"Tremere"
"1255","982 123552415674",2020-09-15,648,"Tremere"
"1256","900 093000060823",2020-09-15,752,"Tremere"
"1257","982 123737117467",2020-09-15,690,"Tremere"
"1258","982 123518924750",2020-09-15,570,"Tremere"
"1259","900 093000085073",2020-09-15,546,"Tremere"
"1260","982 123743439275",2020-09-15,588,"Tremere"
"1261","982 123552415686",2020-09-15,718,"Tremere"
"1262","900 093000099132",2020-09-15,742,"Tremere"
"1263","951 000302938846",2020-09-15,610,"Tremere"
"1264","982 123737117479",2020-09-15,676,"Tremere"
"1265","982 123737117503",2020-09-15,616,"Tremere"
"1266","982 123518926308",2020-09-15,602,"Tremere"
"1267","982 123531903951",2020-09-15,630,"Tremere"
"1268","982 000186097482",2020-09-15,758,"Tremere"
"1269","982 123723780759",2020-09-15,686,"Tremere"
"1270","982 123518925027",2020-09-15,688,"Tremere"
"1271","982 123518926324",2020-09-15,636,"Tremere"
"1272","982 123518925072",2020-09-15,648,"Tremere"
"1273","982 000167918471",2020-09-15,760,"Tremere"
"1274","982 123518925046",2020-09-15,622,"Tremere"
"1275","951 000502702089",2020-09-15,538,"Tremere"
"1276","982 123518924881",2020-09-15,580,"Tremere"
"1277","982 123723781153",2020-09-15,612,"Tremere"
"1278","982 123531903937",2020-09-15,706,"Tremere"
"1279","964 001006027874",2020-09-15,556,"Tremere"
"1280","982 123518925096",2020-09-15,678,"Tremere"
"1281","982 000167929112",2020-09-15,572,"Tremere"
"1282","982 123723780514",2020-09-15,582,"Tremere"
"1283","982 123723780859",2020-09-15,648,"Tremere"
"1284","982 123518924884",2020-09-15,652,"Tremere"
"1285","900 093000090615",2020-09-15,626,"Tremere"
"1286","900 093000058991",2020-09-15,648,"Tremere"
"1287","982 000167906412",2020-09-15,704,"Tremere"
"1288","982 123737117492",2020-09-15,493,"Tremere"
"1289","982 123518926260",2020-09-15,628,"Tremere"
"1290","982 123518925065",2020-09-15,678,"Tremere"
"1291","982 123552415561",2020-09-15,674,"Tremere"
"1292","982 123518926263",2020-09-15,724,"Tremere"
"1293","900 093000098365",2020-09-15,580,"Tremere"
"1294","982 000167917630",2020-09-15,644,"Tremere"
"1295","964 001006027337",2020-09-15,584,"Tremere"
"1296","982 123552415521",2020-09-15,662,"Tremere"
"1297","982 123737117469",2020-09-15,578,"Tremere"
"1298","982 123552415535",2020-09-15,610,"Tremere"
"1299","982 123743439283",2020-09-15,600,"Tremere"
"1300","982 123723780743",2020-09-15,648,"Tremere"
"1301","982 123518924899",2020-09-15,588,"Tremere"
"1302","982 123531903954",2020-09-15,692,"Tremere"
"1303","982 123531903952",2020-09-15,640,"Tremere"
"1304","900 093000097933",2020-09-15,586,"Tremere"
"1305","982 123552415519",2020-09-15,624,"Tremere"
"1306","982 123518925070",2020-09-15,658,"Tremere"
"1307","900 093000060787",2020-09-15,574,"Tremere"
"1308","982 123518926256",2020-09-15,574,"Tremere"
"1309","982 123723780754",2020-09-15,684,"Tremere"
"1310","982 000167929243",2020-09-15,660,"Tremere"
"1311","982 123518925097",2020-09-15,468,"Tremere"
"1312","982 123737117484",2020-09-15,690,"Tremere"
"1313","964 001005760013",2020-09-15,634,"Tremere"
"1314","982 123737117507",2020-09-15,660,"Tremere"
"1315","982 123737117499",2020-09-15,582,"Tremere"
"1316","982 123552415665",2020-09-15,736,"Tremere"
"1317","900 093000060886",2020-09-15,606,"Tremere"
"1318","982 123723780778",2020-09-15,740,"Tremere"
"1319","982 123723781152",2020-09-15,708,"Tremere"
"1320","982 123518925086",2020-09-15,630,"Tremere"
"1321","982 123737117514",2020-09-15,676,"Tremere"
"1322","982 123552415678",2020-09-15,682,"Tremere"
"1323","900 093000060105",2020-09-15,700,"Tremere"
"1324","982 123475155398",2020-09-15,694,"Tremere"
"1325","982 123518926244",2020-09-15,714,"Tremere"
"1326","982 123531903981",2020-09-15,708,"Tremere"
"1327","982 123531903942",2020-09-15,760,"Tremere"
"1328","982 123518925092",2020-09-15,730,"Tremere"
"1329","982 123518926331",2020-09-15,602,"Tremere"
"1330","982 123743439270",2020-09-15,670,"Tremere"
"1331","951 000305650787",2020-09-15,580,"Tremere"
"1332","982 123518925087",2020-09-15,776,"Tremere"
"1333","982 123552415520",2020-09-15,546,"Tremere"
"1334","982 123743439272",2020-09-15,688,"Tremere"
"1335","982 123531903964",2020-09-15,638,"Tremere"
"1336","982 123518925067",2020-09-15,738,"Tremere"
"1337","982 000186093168",2020-09-15,688,"Tremere"
"1338","982 123552415541",2020-09-15,622,"Tremere"
"1339","900 116003187602",2020-09-15,668,"Tremere"
"1340","900 093000059211",2020-09-15,634,"Tremere"
"1341","964 001005760256",2020-09-15,754,"Tremere"
"1342","982 123518925031",2020-09-15,632,"Tremere"
"1343","982 123743439264",2020-09-15,644,"Tremere"
"1344","900 116003183031",2020-09-15,644,"Tremere"
"1345","982 123531903948",2020-09-15,644,"Tremere"
"1346","900 093000081901",2020-09-15,560,"Tremere"
"1347","982 123531903963",2020-09-15,638,"Tremere"
"1348","982 123518925058",2020-09-15,550,"Tremere"
"1349","900 093000099007",2020-09-15,678,"Tremere"
"1350","982 123552415557",2020-09-15,626,"Tremere"
"1351","900 093000097767",2020-09-15,738,"Tremere"
"1352","900 116003112089",2020-09-15,658,"Tremere"
"1353","900 093000097685",2020-09-15,688,"Tremere"
"1354","982 123552415677",2020-09-15,550,"Tremere"
"1355","982 123737117471",2020-09-15,706,"Tremere"
"1356","982 123518925083",2020-09-15,748,"Tremere"
"1357","982 123737117509",2020-09-15,576,"Tremere"
"1358","951 000305650867",2020-09-15,608,"Tremere"
"1359","900 093000066881",2020-09-15,600,"Tremere"
"1360","982 123552415554",2020-09-15,624,"Tremere"
"1361","982 123531903966",2020-09-15,582,"Tremere"
"1362","982 123518924795",2020-09-15,624,"Tremere"
"1363","982 123723780499",2020-09-15,664,"Tremere"
"1364","982 123518924959",2020-09-15,475,"Tremere"
"1365","982 123518925098",2020-09-15,670,"Tremere"
"1366","982 123518925099",2020-09-15,658,"Tremere"
"1367","951 000502702035",2020-09-15,534,"Tremere"
"1368","982 123518926274",2020-09-15,598,"Tremere"
"1369","982 123552415558",2020-09-15,636,"Tremere"
"1370","982 123723780742",2020-09-15,662,"Tremere"
"1371","982 123518925416",2020-09-15,532,"Tremere"
"1372","982 123531903985",2020-09-15,580,"Tremere"
"1373","982 123552415679",2020-09-15,672,"Tremere"
"1374","964 001005760201",2020-09-15,700,"Tremere"
"1375","982 000167917630",2021-07-13,620,"Tremere"
"1376","982 123737117507",2021-07-13,652,"Tremere"
"1377","982 123518924928",2021-07-13,648,"Tremere"
"1378","900 093000099007",2021-07-13,630,"Tremere"
"1379","900 093000060823",2021-07-13,688,"Tremere"
"1380","982 123552415677",2021-07-13,510,"Tremere"
"1381","982 123737117478",2021-07-13,656,"Tremere"
"1382","982 123723780759",2021-07-13,576,"Tremere"
"1383","982 123531903963",2021-07-13,578,"Tremere"
"1384","982 000167929243",2021-07-13,614,"Tremere"
"1385","982 123552415558",2021-07-13,612,"Tremere"
"1386","900 093000076729",2021-07-13,548,"Tremere"
"1387","982 123531903955",2021-07-13,556,"Tremere"
"1388","982 123518925099",2021-07-13,596,"Tremere"
"1389","900 093000097685",2021-07-13,642,"Tremere"
"1390","982 123743439272",2021-07-13,616,"Tremere"
"1391","982 123531903937",2021-07-13,672,"Tremere"
"1392","982 123531903950",2021-07-13,604,"Tremere"
"1393","900 116003187602",2021-07-13,634,"Tremere"
"1394","900 093000058991",2021-07-13,612,"Tremere"
"1395","982 123531903966",2021-07-13,483,"Tremere"
"1396","982 123737117467",2021-07-13,650,"Tremere"
"1397","982 123723780859",2021-07-13,590,"Tremere"
"1398","982 123737117509",2021-07-13,492,"Tremere"
"1399","982 123518926256",2021-07-13,518,"Tremere"
"1400","982 123518926324",2021-07-13,584,"Tremere"
"1401","982 123552415665",2021-07-13,708,"Tremere"
"1402","982 123518926263",2021-07-13,630,"Tremere"
"1403","982 123531903945",2021-07-13,538,"Tremere"
"1404","982 123743439270",2021-07-13,628,"Tremere"
"1405","982 123737117503",2021-07-13,536,"Tremere"
"1406","982 123737117479",2021-07-13,626,"Tremere"
"1407","982 123518926244",2021-07-13,626,"Tremere"
"1408","982 123518925096",2021-07-13,570,"Tremere"
"1409","964 001005760256",2021-07-13,676,"Tremere"
"1410","982 123723781132",2021-07-13,550,"Tremere"
"1411","982 123531903982",2021-07-13,636,"Tremere"
"1412","982 123723780742",2021-07-13,606,"Tremere"
"1413","982 123518926260",2021-07-13,546,"Tremere"
"1414","964 001005760013",2021-07-13,568,"Tremere"
"1415","900 093000081758",2021-07-13,576,"Tremere"
"1416","982 123743439275",2021-07-13,596,"Tremere"
"1417","982 000167906412",2021-07-13,662,"Tremere"
"1418","982 123531903942",2021-07-13,668,"Tremere"
"1419","900 093000090615",2021-07-13,560,"Tremere"
"1420","964 001005760201",2021-07-13,634,"Tremere"
"1421","982 123531903985",2021-07-13,508,"Tremere"
"1422","982 123518925070",2021-07-13,630,"Tremere"
"1423","982 123518925090",2021-07-13,528,"Tremere"
"1424","951 000305650867",2021-07-13,530,"Tremere"
"1425","982 123518926331",2021-07-13,570,"Tremere"
"1426","900 093000098365",2021-07-13,546,"Tremere"
"1427","982 123552415557",2021-07-13,586,"Tremere"
"1428","982 123737117499",2021-07-13,482,"Tremere"
"1429","982 123531903948",2021-07-13,604,"Tremere"
"1430","982 123531903956",2021-07-13,552,"Tremere"
"1431","982 123737117471",2021-07-13,648,"Tremere"
"1432","900 116003111477",2021-07-13,550,"Tremere"
"1433","982 123552415679",2021-07-13,622,"Tremere"
"1434","982 123518925087",2021-07-13,692,"Tremere"
"1435","982 123723781152",2021-07-13,654,"Tremere"
"1436","900 093000060105",2021-07-13,642,"Tremere"
"1437","982 123552415519",2021-07-13,576,"Tremere"
"1438","982 123518926274",2021-07-13,540,"Tremere"
"1439","982 123552415686",2021-07-13,648,"Tremere"
"1440","900 093000060787",2021-07-13,508,"Tremere"
"1441","982 123552415687",2021-07-13,574,"Tremere"
"1442","982 123518925097",2021-07-13,419,"Tremere"
"1443","982 000167929112",2021-07-13,632,"Tremere"
"1444","982 123518925126",2021-07-13,638,"Tremere"
"1445","982 123518925067",2021-07-13,690,"Tremere"
"1446","982 123518925098",2021-07-13,612,"Tremere"
"1447","982 123531903675",2021-07-13,506,"Tremere"
"1448","982 123531903808",2021-07-13,520,"Tremere"
"1449","982 123518924638",2021-07-13,588,"Tremere"
"1450","982 123531903094",2021-07-13,548,"Tremere"
"1451","982 123531903669",2021-07-13,473,"Tremere"
"1452","982 123531904061",2021-07-13,558,"Tremere"
"1453","900 093000081901",2021-07-13,554,"Tremere"
"1454","982 123531904073",2021-07-13,576,"Tremere"
"1455","964 001005760189",2021-07-13,608,"Tremere"
"1456","982 123531904107",2021-07-13,415,"Tremere"
"1457","900 093000081249",2021-07-13,610,"Tremere"
"1458","982 123552415521",2021-07-13,612,"Tremere"
"1459","982 123723780743",2021-07-13,590,"Tremere"
"1460","982 123518925058",2021-07-13,485,"Tremere"
"1461","982 123552415615",2021-07-13,506,"Tremere"
"1462","982 123531903907",2021-07-13,580,"Tremere"
"1463","982 123531903790",2021-07-13,600,"Tremere"
"1464","982 123518925416",2021-07-13,502,"Tremere"
"1465","982 123737117513",2021-07-13,624,"Tremere"
"1466","982 123518925477",2021-07-13,491,"Tremere"
"1467","982 123531904052",2021-07-13,530,"Tremere"
"1468","982 123552415541",2021-07-13,562,"Tremere"
"1469","982 123531903481",2021-07-13,493,"Tremere"
"1470","982 123552415554",2021-07-13,588,"Tremere"
"1471","982 123531904060",2021-07-13,574,"Tremere"
"1472","982 123531903151",2021-07-13,544,"Tremere"
"1473","982 123518924637",2021-07-13,652,"Tremere"
"1474","982 123531904019",2021-07-13,588,"Tremere"
"1475","964 001006027725",2021-07-13,574,"Tremere"
"1476","982 123531903171",2021-07-13,580,"Tremere"
"1477","982 123518924615",2021-07-13,536,"Tremere"
"1478","982 123531903879",2021-07-13,524,"Tremere"
"1479","982 123723780747",2021-07-13,598,"Tremere"
"1480","982 123531903731",2021-07-13,620,"Tremere"
"1481","982 123518925355",2021-07-13,618,"Tremere"
"1482","982 123518924603",2021-07-13,688,"Tremere"
"1483","982 123531903088",2021-07-13,558,"Tremere"
"1484","982 123531903640",2021-07-13,514,"Tremere"
"1485","982 123737117469",2021-07-13,556,"Tremere"
"1486","982 123531903954",2021-07-13,628,"Tremere"
"1487","982 123518924910",2021-07-13,598,"Tremere"
"1488","982 123531903903",2021-07-13,492,"Tremere"
"1489","982 123518925259",2021-07-13,522,"Tremere"
"1490","982 123743439283",2021-07-13,562,"Tremere"
"1491","982 123552415717",2021-07-13,564,"Tremere"
"1492","982 123531903803",2021-07-13,499,"Tremere"
"1493","982 123531903233",2021-07-13,628,"Tremere"
"1494","982 123518926242",2021-07-13,0,"Tremere"
"1495","982 123531903196",2021-07-13,540,"Tremere"
"1496","982 123531903145",2021-07-13,536,"Tremere"
"1497","982 123531903800",2021-07-13,552,"Tremere"
"1498","982 123518926322",2021-07-13,600,"Tremere"
"1499","982 123518925252",2021-07-13,620,"Tremere"
"1500","982 123531903835",2021-07-13,628,"Tremere"
"1501","964 001006027874",2021-07-13,502,"Tremere"
"1502","982 123531903587",2021-07-13,588,"Tremere"
"1503","982 123531903660",2021-07-13,490,"Tremere"
"1504","982 123552415854",2021-07-13,368,"Tremere"
"1505","982 123552415759",2021-07-13,548,"Tremere"
"1506","982 123531903082",2021-07-13,598,"Tremere"
"1507","982 123552415561",2021-07-13,610,"Tremere"
"1508","982 123743439277",2021-07-13,602,"Tremere"
"1509","982 123531903211",2021-07-13,550,"Tremere"
"1510","982 123518924881",2021-07-13,552,"Tremere"
"1511","982 123518924767",2021-07-13,618,"Tremere"
"1512","982 123552415674",2021-07-13,558,"Tremere"
"1513","982 123531903952",2021-07-13,594,"Tremere"
"1514","982 123552415535",2021-07-13,560,"Tremere"
"1515","982 123531903195",2021-07-13,588,"Tremere"
"1516","982 123518925086",2021-07-13,550,"Tremere"
"1517","982 123531903089",2021-07-13,668,"Tremere"
"1518","982 123743439264",2021-07-13,598,"Tremere"
"1519","982 123531903972",2021-07-13,648,"Tremere"
"1520","951 000502702035",2021-07-13,479,"Tremere"
"1521","982 123531903964",2021-07-13,596,"Tremere"
"1522","982 123723780514",2021-07-13,538,"Tremere"
"1523","951 000302938846",2021-07-13,564,"Tremere"
"1524","982 123518926308",2021-07-13,534,"Tremere"
"1525","982 123531903070",2021-07-13,536,"Tremere"
"1526","982 123518925444",2021-07-13,622,"Tremere"
"1527","982 123531903872",2021-07-13,616,"Tremere"
"1528","982 123531904079",2021-07-13,438,"Tremere"
"1529","982 123531903994",2021-07-13,550,"Tremere"
"1530","982 123531904010",2021-07-13,576,"Tremere"
"1531","982 123737117492",2021-07-13,473,"Tremere"
"1532","982 123552415730",2021-07-13,506,"Tremere"
"1533","982 123518925375",2021-07-13,566,"Tremere"
"1534","982 123552415538",2021-07-13,516,"Tremere"
"1535","982 123531903860",2021-07-13,554,"Tremere"
"1536","982 123531904082",2021-07-13,464,"Tremere"
"1537","982 123518925393",2021-07-13,528,"Tremere"
"1538","982 000167918471",2021-07-13,704,"Tremere"
"1539","982 123531903174",2021-07-13,592,"Tremere"
"1540","982 123518924643",2021-07-13,552,"Tremere"
"1541","982 123531903175",2021-07-13,586,"Tremere"
"1542","982 123737117514",2021-07-13,634,"Tremere"
"1543","982 123518924935",2021-07-13,492,"Tremere"
"1544","982 123552415581",2021-07-13,465,"Tremere"
"1545","982 123531903981",2021-07-13,656,"Tremere"
"1546","982 123531903154",2021-07-13,592,"Tremere"
"1547","982 123531903039",2021-07-13,578,"Tremere"
"1548","982 123531903142",2021-07-13,594,"Tremere"
"1549","982 123531903882",2021-07-13,572,"Tremere"
"1550","982 123518924613",2021-07-13,586,"Tremere"
"1551","900 116003183031",2021-07-13,608,"Tremere"
"1552","982 123531903849",2021-07-13,518,"Tremere"
"1553","982 123531904056",2021-07-13,586,"Tremere"
"1554","982 123531903705",2021-07-13,550,"Tremere"
"1555","982 123531903064",2021-07-13,510,"Tremere"
"1556","982 123518924634",2021-07-13,548,"Tremere"
"1557","982 123518924932",2021-07-13,586,"Tremere"
"1558","982 123531903728",2021-07-13,584,"Tremere"
"1559","982 123723781153",2021-07-13,584,"Tremere"
"1560","982 123531903880",2021-07-13,530,"Tremere"
"1561","982 123518926329",2021-07-13,568,"Tremere"
"1562","982 123518925083",2021-07-13,664,"Tremere"
"1563","982 123475155398",2021-07-13,652,"Tremere"
"1564","982 123531904085",2021-07-13,558,"Tremere"
"1565","982 123531903735",2021-07-13,624,"Tremere"
"1566","982 123518925047",2021-07-13,636,"Tremere"
"1567","900 093000099109",2021-07-13,540,"Tremere"
"1568","982 123531903149",2021-07-13,610,"Tremere"
"1569","982 123518924912",2021-07-13,598,"Tremere"
"1570","982 123531903847",2021-07-13,522,"Tremere"
"1571","982 123531903807",2021-07-13,634,"Tremere"
"1572","982 123531903867",2021-07-13,610,"Tremere"
"1573","982 123518925260",2021-07-13,526,"Tremere"
"1574","982 123518924633",2021-07-13,548,"Tremere"
"1575","964 001006027337",2021-07-13,534,"Tremere"
"1576","982 123531903866",2021-07-13,504,"Tremere"
"1577","982 123531903192",2021-07-13,648,"Tremere"
"1578","982 123552415277",2021-07-13,562,"Tremere"
"1579","982 123531903096",2021-07-13,586,"Tremere"
"1580","982 123518924644",2021-07-13,580,"Tremere"
"1581","982 123737117511",2021-07-13,634,"Tremere"
"1582","982 123518924624",2021-07-13,552,"Tremere"
"1583","982 123518924922",2021-07-13,622,"Tremere"
"1584","982 123531903134",2021-07-13,486,"Tremere"
"1585","982 123531904002",2021-07-13,592,"Tremere"
"1586","982 123531903161",2021-07-13,489,"Tremere"
"1587","982 123531903702",2021-07-13,524,"Tremere"
"1588","982 123531904005",2021-07-13,504,"Tremere"
"1589","982 123552415847",2021-07-13,473,"Tremere"
"1590","982 123531904046",2021-07-13,548,"Tremere"
"1591","982 123531904112",2021-07-13,562,"Tremere"
"1592","900 116003112089",2021-07-13,656,"Tremere"
"1593","982 123518925384",2021-07-13,562,"Tremere"
"1594","982 123518925092",2021-07-13,680,"Tremere"
"1595","982 123552415520",2021-07-13,500,"Tremere"
"1596","982 123531903812",2021-07-13,540,"Tremere"
"1597","982 123723780778",2021-07-13,804,"Tremere"
"1598","982 123552415556",2021-07-13,504,"Tremere"
"1599","982 123518925027",2021-07-13,666,"Tremere"
"1600","982 123723780499",2021-07-13,610,"Tremere"
"1601","982 123531903204",2021-07-13,544,"Tremere"
"1602","982 123531903183",2021-07-13,616,"Tremere"
"1603","900 093000058992",2021-07-13,550,"Tremere"
"1604","982 123531903173",2021-07-13,528,"Tremere"
"1605","982 123518924635",2021-07-13,542,"Tremere"
"1606","982 000186092895",2021-07-13,596,"Tremere"
"1607","982 123723780754",2021-07-13,630,"Tremere"
"1608","982 123518926283",2021-07-13,562,"Tremere"
"1609","982 123518925072",2021-07-13,608,"Tremere"
"1610","982 123531903139",2021-07-13,522,"Tremere"
"1611","982 123531904059",2021-07-13,495,"Tremere"
"1612","982 123531904067",2021-07-13,520,"Tremere"
"1613","982 123518925065",2021-07-13,630,"Tremere"
"1614","982 123531903958",2021-07-13,604,"Tremere"
"1615","982 123737117502",2021-07-13,722,"Tremere"
"1616","982 123531903137",2021-07-13,478,"Tremere"
"1617","982 123531903792",2021-07-13,530,"Tremere"
"1618","982 123552415611",2021-07-13,526,"Tremere"
"1619","982 123531903143",2021-07-13,558,"Tremere"
"1620","982 000186093168",2021-07-13,654,"Tremere"
"1621","951 000502702089",2021-07-13,550,"Tremere"
"1622","982 123518925599",2021-07-13,598,"Tremere"
"1623","982 123518925256",2021-07-13,580,"Tremere"
"1624","982 123531904068",2021-07-13,562,"Tremere"
"1625","982 123518925580",2021-07-13,460,"Tremere"
"1626","982 123531903663",2021-07-13,462,"Tremere"
"1627","982 123743439501",2021-07-13,698,"Tremere"
"1628","982 123743439514",2021-07-13,473,"Tremere"
"1629","982 123743439532",2021-07-13,606,"Tremere"
"1630","982 123743439529",2021-07-13,654,"Tremere"
"1631","982 123758520624",2021-07-13,646,"Tremere"
"1632","982 123743439499",2021-07-13,604,"Tremere"
"1633","982 123743439522",2021-07-13,600,"Tremere"
"1634","982 123723780852",2021-07-13,473,"Tremere"
"1635","982 123758520635",2021-07-13,455,"Tremere"
"1636","982 123758520615",2021-07-13,628,"Tremere"
"1637","982 123758520620",2021-07-13,618,"Tremere"
"1638","982 123758520616",2021-07-13,594,"Tremere"
"1639","982 123758520618",2021-07-13,550,"Tremere"
"1640","982 123743439528",2021-07-13,552,"Tremere"
"1641","982 123743439523",2021-07-13,608,"Tremere"
"1642","982 123552415505",2021-07-13,552,"Tremere"
"1643","982 123743439511",2021-07-13,546,"Tremere"
"1644","982 123743439537",2021-07-13,660,"Tremere"
"1645","982 123743439507",2021-07-13,582,"Tremere"
"1646","982 123743439512",2021-07-13,552,"Tremere"
"1647","982 123743439518",2021-07-13,612,"Tremere"
"1648","982 123743439506",2021-07-13,608,"Tremere"
"1649","982 123743439546",2021-07-13,542,"Tremere"
"1650","982 123758520629",2021-07-13,534,"Tremere"
"1651","982 123758520611",2021-07-13,495,"Tremere"
"1652","982 123552415736",2021-07-13,568,"Tremere"
"1653","982 123552415682",2021-07-13,463,"Tremere"
"1654","982 123723781047",2021-07-13,526,"Tremere"
"1655","982 123743439502",2021-07-13,624,"Tremere"
"1656","982 123758520687",2021-07-13,578,"Tremere"
"1657","982 123758520610",2021-07-13,489,"Tremere"
"1658","982 123758520626",2021-07-13,564,"Tremere"
"1659","982 123552415685",2021-07-20,614,"Tremere"
"1660","982 123552415772",2021-07-20,550,"Tremere"
"1661","982 123552415430",2021-07-20,562,"Tremere"
"1662","982 123552415425",2021-07-20,558,"Tremere"
"1663","982 123552415810",2021-07-20,564,"Tremere"
"1664","982 123723781005",2021-07-20,548,"Tremere"
"1665","982 123552415478",2021-07-20,598,"Tremere"
"1666","982 123552415438",2021-07-20,610,"Tremere"
"1667","982 123552415492",2021-07-20,568,"Tremere"
"1668","982 123552415512",2021-07-20,598,"Tremere"
"1669","982 123552415458",2021-07-20,586,"Tremere"
"1670","982 123723780997",2021-07-20,522,"Tremere"
"1671","982 123552415506",2021-07-20,618,"Tremere"
"1672","982 123552415479",2021-07-20,670,"Tremere"
"1673","982 123552415415",2021-07-20,530,"Tremere"
"1674","982 123552415500",2021-07-20,544,"Tremere"
"1675","982 123552415484",2021-07-20,558,"Tremere"
"1676","982 123552415437",2021-07-20,592,"Tremere"
"1677","982 123552415418",2021-07-20,606,"Tremere"
"1678","982 123552415490",2021-07-20,528,"Tremere"
"1679","982 123552415495",2021-07-20,540,"Tremere"
"1680","982 123552415713",2021-07-20,572,"Tremere"
"1681","982 123552415433",2021-07-20,550,"Tremere"
"1682","982 123552415459",2021-07-20,580,"Tremere"
"1683","982 123552415792",2021-07-20,570,"Tremere"
"1684","982 123552415528",2021-07-20,484,"Tremere"
"1685","982 123723780880",2021-07-20,536,"Tremere"
"1686","982 123758520630",2021-07-20,662,"Tremere"
"1687","982 123552415532",2021-07-20,614,"Tremere"
"1688","982 123723781014",2021-07-20,584,"Tremere"
"1689","982 123723781019",2021-07-20,528,"Tremere"
"1690","982 123723780503",2021-07-20,586,"Tremere"
"1691","982 123723780832",2021-07-20,538,"Tremere"
"1692","982 123723781007",2021-07-20,544,"Tremere"
"1693","982 123723780515",2021-07-20,568,"Tremere"
"1694","982 123723781020",2021-07-20,596,"Tremere"
"1695","982 123723780988",2021-07-20,506,"Tremere"
"1696","982 123758520658",2021-07-20,576,"Tremere"
"1697","982 123723780875",2021-07-20,562,"Tremere"
"1698","982 123723780520",2021-07-20,548,"Tremere"
"1699","982 123723780508",2021-07-20,602,"Tremere"
"1700","982 123723780860",2021-07-20,518,"Tremere"
"1701","982 123723780844",2021-07-20,462,"Tremere"
"1702","982 123723780497",2021-07-20,572,"Tremere"
"1703","982 123723780985",2021-07-20,564,"Tremere"
"1704","982 123723780519",2021-07-20,502,"Tremere"
"1705","982 123723780498",2021-07-20,608,"Tremere"
"1706","982 123723780527",2021-07-20,582,"Tremere"
"1707","982 123723780492",2021-07-20,522,"Tremere"
"1708","982 123723780862",2021-07-20,532,"Tremere"
"1709","982 123723780873",2021-07-20,568,"Tremere"
"1710","982 123723780870",2021-07-20,524,"Tremere"
"1711","982 123723781027",2021-07-20,672,"Tremere"
"1712","982 123723780863",2021-07-20,504,"Tremere"
"1713","982 123723780864",2021-07-20,598,"Tremere"
"1714","982 123723780512",2021-07-20,532,"Tremere"
"1715","982 123723780879",2021-07-20,542,"Tremere"
"1716","982 123723781003",2021-07-20,550,"Tremere"
"1717","982 123723780774",2021-07-20,465,"Tremere"
"1718","982 123723781150",2021-07-20,586,"Tremere"
"1719","982 123723780540",2021-07-20,562,"Tremere"
"1720","982 123723780472",2021-07-20,602,"Tremere"
"1721","982 123723781031",2021-07-20,660,"Tremere"
"1722","982 123723780457",2021-07-20,606,"Tremere"
"1723","982 123723781192",2021-07-20,562,"Tremere"
"1724","982 123723781057",2021-07-20,424,"Tremere"
"1725","982 123758520614",2021-08-10,666,"Tremere"
"1726","982 123737117600",2021-08-10,409,"Tremere"
"1727","982 123737117196",2021-08-10,422,"Tremere"
"1728","982 123737117569",2021-08-10,423,"Tremere"
"1729","982 123737117292",2021-08-10,452,"Tremere"
"1730","982 123737117202",2021-08-10,465,"Tremere"
"1731","982 123737117557",2021-08-10,358,"Tremere"
"1732","982 123737117630",2021-08-10,383,"Tremere"
"1733","982 123737117616",2021-08-10,370,"Tremere"
"1734","982 123723780802",2021-08-10,401,"Tremere"
"1735","982 123737117190",2021-08-10,402,"Tremere"
"1736","982 123737116943",2021-08-10,389,"Tremere"
"1737","982 123737117280",2021-08-10,345,"Tremere"
"1738","982 123737117211",2021-08-10,363,"Tremere"
"1739","982 123737117611",2021-08-10,365,"Tremere"
"1740","982 123737117187",2021-08-10,370,"Tremere"
"1741","982 123737117288",2021-08-10,391,"Tremere"
"1742","982 123737117089",2021-08-10,420,"Tremere"
"1743","982 123737117207",2021-08-10,411,"Tremere"
"1744","982 123737117661",2021-08-10,398,"Tremere"
"1745","982 123737117617",2021-08-10,426,"Tremere"
"1746","982 123737117110",2021-08-10,380,"Tremere"
"1747","982 123737117639",2021-08-10,391,"Tremere"
"1748","982 123737117275",2021-08-10,487,"Tremere"
"1749","982 123737117212",2021-08-10,404,"Tremere"
"1750","982 123737117085",2021-08-10,361,"Tremere"
"1751","982 123737117172",2021-08-10,402,"Tremere"
"1752","982 123737117615",2021-08-10,428,"Tremere"
"1753","982 123737117608",2021-08-10,420,"Tremere"
"1754","982 123737116951",2021-08-10,369,"Tremere"
"1755","982 123737117192",2021-08-10,418,"Tremere"
"1756","982 123737117634",2021-08-10,381,"Tremere"
"1757","982 123737117624",2021-08-10,346,"Tremere"
"1758","982 123737117662",2021-08-10,374,"Tremere"
"1759","982 123737117179",2021-08-10,426,"Tremere"
"1760","982 123737117586",2021-08-10,349,"Tremere"
"1761","982 123737117650",2021-08-10,363,"Tremere"
"1762","982 123737117161",2021-08-10,369,"Tremere"
"1763","982 123737117512",2021-08-10,412,"Tremere"
"1764","982 123737117598",2021-08-10,453,"Tremere"
"1765","982 123737117604",2022-08-15,556,"Tremere"
"1766","982 123737117283",2022-08-15,684,"Tremere"
"1767","982 123723780784",2022-08-15,572,"Tremere"
"1768","982 123737117596",2022-08-15,590,"Tremere"
"1769","982 123723780821",2022-08-15,652,"Tremere"
"1770","982 123737116917",2022-08-15,578,"Tremere"
"1771","982 123737117281",2022-08-15,612,"Tremere"
"1772","982 123737117208",2022-08-15,530,"Tremere"
"1773","982 123758520491",2022-08-01,462,"Tremere"
"1774","982 123758520479",2022-08-01,494,"Tremere"
"1775","982 123758520490",2022-08-01,451,"Tremere"
"1776","982 123758520502",2022-08-01,454,"Tremere"
"1777","982 123758520489",2022-08-01,469,"Tremere"
"1778","982 123758520483",2022-08-01,456,"Tremere"
"1779","982 123758520500",2022-08-01,415,"Tremere"
"1780","982 123758520506",2022-08-01,470,"Tremere"
"1781","982 123758520468",2022-08-01,500,"Tremere"
"1782","982 123758520465",2022-08-01,520,"Tremere"
"1783","982 123758520503",2022-08-01,449,"Tremere"
"1784","982 123758520473",2022-08-01,522,"Tremere"
"1785","982 123743439486",2022-08-01,481,"Tremere"
"1786","982 123758520493",2022-08-01,431,"Tremere"
"1787","982 123758520891",2022-08-01,440,"Tremere"
"1788","982 123758520893",2022-08-01,508,"Tremere"
"1789","982 123758520877",2022-08-01,474,"Tremere"
"1790","982 123758520879",2022-08-01,460,"Tremere"
"1791","982 123758520808",2022-08-01,488,"Tremere"
"1792","982 123758520802",2022-08-01,522,"Tremere"
"1793","982 123758520780",2022-08-01,442,"Tremere"
"1794","982 123758520773",2022-08-01,556,"Tremere"
"1795","982 123758520778",2022-08-01,479,"Tremere"
"1796","982 123758520767",2022-08-01,542,"Tremere"
"1797","982 123758520787",2022-08-01,474,"Tremere"
"1798","982 123531903951",2022-07-29,576,"Tremere"
"1799","982 123552415665",2022-07-29,720,"Tremere"
"1800","982 123758520624",2022-07-29,638,"Tremere"
"1801","982 123531903982",2022-07-29,640,"Tremere"
"1802","900 116003111477",2022-07-29,590,"Tremere"
"1803","900 093000098365",2022-07-29,580,"Tremere"
"1804","982 123737117479",2022-07-29,622,"Tremere"
"1805","982 123518925099",2022-07-29,636,"Tremere"
